Composition,Eg_exp,Eg_DFT
Ag2BiO3,0,0.3872
Ag2BiO3,0,0.5053
Ag2GeS3,1.98,0.4646
Ag2GeSe3,0.91,0.0626
Ag2HgI4,2.47,1.2764
Ag2HgI4,2.47,1.2219
Ag2HgI4,2.47,0.0872
Ag2HgI4,2.47,1.1004
Ag2P2PbO7,0,2.3697
Ag2S,1.23,1.184
Ag2S,1.23,1.2299
Ag2S,1.23,0.9742
Ag2S,1.23,1.5694
Ag2S,1.23,1.0891
Ag2S,1.23,0.6819
Ag2S,1.23,0.6685
Ag2S,1.23,1.3634
Ag2S,1.23,1.3001
Ag2S,1.23,0.6243
Ag2S,1.23,1.4428
Ag2S,1.23,1.0895
Ag2S,1.23,0.1202
Ag2S,1.23,1.0853
Ag2S,1.23,0.3701
Ag2S,1.23,1.0007
Ag2SnSe3,0.84,0.0586
Ag3AsS3,2.235,1.1771
Ag3AsS3,2.235,1.6989
Ag3AsS3,2.235,1.6278
Ag3AsSe3,1.98,0.8453
Ag3AsSe3,1.98,0.9037
Ag3SbS3,2.077,1.8371
Ag3SbS3,2.077,0.9521
Ag3SbS3,2.077,1.5142
Ag5IO6,1.4,0.0205
Ag7AsS6,1,0.7299
Ag8GeS6,1.18,0.6102
AgAsS2,2.14,1.4968
AgAsS2,2.14,1.5777
AgBiS2,0.9,0.4918
AgBiS2,0.9,0.2304
AgBiS2,0.9,0.5212
AgBiS2,0.9,0.3169
AgBiSe2,0.34,0.2618
AgBiSe2,0.34,0.2341
AgBiSe2,0.34,0.0211
AgBr,2.52,0.1214
AgBr,2.52,1.2442
AgBr,2.52,0.7304
AgBr,2.52,0.699
AgBr,2.52,1.1708
AgCl,5.13,0.7132
AgCl,5.13,0.9522
AgCl,5.13,0.872
AgCl,5.13,0.4438
AgCl,5.13,0.6022
AgCNO,0,1.3019
AgCNO,0,2.3532
AgCNO,0,3.0696
AgCNO,0,2.8161
AgI,3.0247,1.8797
AgI,3.0247,1.3877
AgI,3.0247,0.7684
AgI,3.0247,1.3674
AgI,3.0247,1.5986
AgI,3.0247,0.9589
AgI,3.0247,1.3759
AgI,3.0247,1.3143
AgN3,3.44,1.5714
AgN3,3.44,1.6315
AgO,1.57,0.116
AgO,1.57,0.1826
AgP15,1.47,1.2132
AgSbS2,1.9,1.7448
AgSbS2,1.9,1.3127
AgSbS2,1.9,0.0764
AgSbS2,1.9,1.3716
AgSbS2,1.9,1.6047
AgTe,0.85,0.2411
Al2Cr2O7,0,0.0925
Al2Ru,0,0.0864
Al2S3,4.1,2.4329
Al2S3,4.1,3.0435
Al2S3,4.1,2.817
Al2S3,4.1,2.0693
Al2S3,4.1,1.025
Al2Se3,3.1,1.8004
Al2Se3,3.1,0.586
Al2Se3,3.1,0.9578
Al2Se3,3.1,1.1246
Al2Te3,2.2,1.3222
Al2Te3,2.2,0.683
Al2Te3,2.2,1.854
AlAs,0,1.5037
AlAs,0,1.687
AlAs,0,1.1898
AlCoO3,0,2.5603
AlCoO3,0,0.0255
AlCoO3,0,0.8939
AlCoO3,0,0.8272
AlCoO3,0,0.3481
AlN,5.9,3.2687
AlN,5.9,4.4175
AlN,5.9,3.3056
AlN,5.9,4.0467
AlP,3.62,1.6294
AlP,3.62,1.9533
AlP,3.62,2.3944
AlSb,1.666,0.9179
AlSb,1.666,0.7753
AlSb,1.666,1.2255
As2O3,4,3.4494
As2O3,4,1.4491
As2O3,4,3.0503
As2O3,4,3.6287
As2O3,4,3.6206
As2O3,4,3.3787
As2O3,4,3.6306
As2O3,4,4.0339
As2O3,4,4.0234
As2O3,4,3.7495
As2S3,1.89,1.9873
As2S3,1.89,2.0989
As2Se3,1.84,0.6003
As2Se3,1.84,1.4466
AsBr3,2.6,3.1271
AsI3,2.29,2.2375
AsSeI,1.76,1.2345
AuBrO2,0,0.7129
B2O3,4.9,4.1254
B2O3,4.9,4.231
B2O3,4.9,4.1765
B2O3,4.9,4.4301
B2O3,4.9,4.4793
B2O3,4.9,6.3017
B2O3,4.9,8.3751
B4C,1.64,3.0415
B4C,1.64,1.5149
B6P,3.3,2.4757
Ba12In4S19,2.56,1.978
Ba2BiSbO6,0,1.7228
Ba2BiSbO6,0,1.7746
Ba2BiSbO6,0,1.6958
Ba2BiSbO6,0,1.6439
Ba2BiSbO6,0,0.3197
Ba2CoWO6,0,1.8427
Ba2FeMoO6,0,0.8641
Ba2FeMoO6,0,0.7715
Ba2FeMoO6,0,0.9037
Ba2GaBiSe5,2.21,1.7506
Ba2GaBiTe5,1.43,1.0652
Ba2GaSbSe5,2.51,1.8067
Ba2GaSbTe5,1.66,0.9728
Ba2HgS5,2.4,1.6693
Ba2In2S5,2.47,1.8679
Ba2In2Se5,2.12,1.281
Ba2InSbSe5,1.92,0.768
Ba2NdGaS5,2.12,1.8105
Ba2ScTaO6,4.19,3.0173
Ba2Si5N8,4.1,2.8816
Ba2SmTaO6,3.02,3.3634
Ba2SnSe4,1.9,1.2646
Ba2SnSe5,1.8,1.3443
Ba2SnSe5,1.8,1.0872
Ba2UCuO6,0,0.0731
Ba2V2Te2O11,3.16,3.2676
Ba2ZnSe3,2.75,1.6214
Ba2ZnTe3,2.1,1.2922
Ba3Bi2TeO9,2.3,2.1188
Ba3FeS4Br,1.65,0.4962
Ba3GeS5,3,2.0632
Ba3InS4Cl,3.42,2.8257
Ba3MgTa2O9,4.28,3.2733
Ba3N2,0,0.0978
Ba3Nb2CoO9,0,1.6878
Ba3Nb2Se9,1.3,1.0023
Ba3Sb2S7,2.4,1.9022
Ba3Ta2Se9,1.6,1.202
Ba3ThSe7,1.96,0.923
Ba4Ga4SnSe12,2.16,1.3292
Ba4LiGa5Se12,2.65,1.7354
Ba5In4Te4S7,2.13,1.1329
Ba8Al10B12O41,3.1,4.4373
Ba8Sn4S15,2.31,2.0442
BaAgSbS3,2.2,1.4229
BaAl4Se7,3.4,2.3933
BaCdSnS4,2.3,2.1964
BaCu2SnSe4,0.48,0.453
BaCuTeF,2.3,0.9884
BaF2,9.1,6.6029
BaF2,9.1,6.8553
BaF2,9.1,5.9306
BaGa2GeS6,3.26,2.7663
BaGa2GeSe6,2.81,1.9186
BaGa2SiS6,3.75,3.0907
BaGa2SiSe6,2.88,2.3894
BaGa4S7,3.54,2.58
BaGa4Se7,2.64,1.4956
BaGe2,1,0.5255
BaHgS2,1.93,1.1569
BaMnO3,0,1.8948
BaMnO3,0,0.8953
BaMnO3,0,2.0901
BaMnO3,0,0.7543
BaMnO3,0,0.8359
BaMnO3,0,0.8679
BaO,4.8,2.3602
BaO,4.8,2.1422
BaO,4.8,2.2831
BaO,4.8,1.7049
BaO,4.8,1.3032
BaO,4.8,1.7495
BaO,4.8,1.7654
BaO,4.8,1.481
BaO,4.8,2.0906
BaO,4.8,2.5282
BaO,4.8,2.7678
BaO,4.8,2.3834
BaReH9,3.44,3.0092
BaReH9,3.44,3.1242
BaReH9,3.44,0.3484
BaReH9,3.44,3.7353
BaReH9,3.44,0.1347
BaReH9,3.44,3.8947
BaReH9,3.44,3.7118
BaReH9,3.44,3.8349
BAs,1.46,1.2037
BAs,1.46,1.1428
BAs,1.46,2.1488
BaSe,3.58,1.2126
BaSe,3.58,1.9488
BaSi2,1.3,0.7813
BaSn2S5,2.35,1.5453
BaSnO3,3.1,0.6651
BaSnO3,3.1,0.3724
BaTe,3.4,1.593
BaTe,3.4,0.7769
BaTeMo2O9,3.12,3.0136
BaTeMo2O9,3.12,2.8794
BaTiO3,3.1,1.6663
BaTiO3,3.1,2.5087
BaTiO3,3.1,2.0811
BaTiO3,3.1,2.293
BaTiO3,3.1,1.7261
BaTiO3,3.1,1.728
BaTiO3,3.1,0.3567
BaV2SeO8,2.13,2.0881
Be3N2,3.8,4.27
Be3N2,3.8,2.7645
Be3N2,3.8,3.3145
Be3N2,3.8,3.3284
BeO,10.39,4.4843
BeO,10.39,4.4524
BeO,10.39,4.7618
BeO,10.39,4.2425
BeO,10.39,4.3211
BeO,10.39,6.8477
BeO,10.39,8.1681
BeO,10.39,7.4639
BeO,10.39,7.0846
BeS,4.17,3.1453
BeSe,4,0.4488
BeSe,4,2.6637
BeTe,2.89,2.2712
BeTe,2.89,2.0173
Bi2I4O13,3.3,3.0737
Bi2Mo2Se2O13,3.15,2.8105
Bi2O3,2.86,0.1003
Bi2O3,2.86,1.1218
Bi2O3,2.86,0.6116
Bi2O3,2.86,2.4257
Bi2O3,2.86,1.4875
Bi2O3,2.86,2.0782
Bi2O3,2.86,2.5814
Bi2O3,2.86,1.4737
Bi2O3,2.86,1.7487
Bi2O3,2.86,2.5398
Bi2O3,2.86,2.4549
Bi2O3,2.86,1.9197
Bi2O3,2.86,1.6582
Bi2O3,2.86,2.1945
Bi2O3,2.86,1.6863
Bi2O3,2.86,2.277
Bi2O3,2.86,1.237
Bi2O3,2.86,0.8821
Bi2O3,2.86,0.6421
Bi2O3,2.86,1.0081
Bi2O3,2.86,1.3046
Bi2O3,2.86,1.684
Bi2O3,2.86,1.8235
Bi2Pd3S2,0,0.06
Bi2S3,1.25,1.3618
Bi2Se3,0.4,0.5469
Bi2Se3,0.4,0.9578
Bi2Se3,0.4,0.3769
Bi2Te2Se,0.3,0.5442
Bi2Te3,0.25,0.4617
Bi2Te3,0.25,0.3388
BiBr3,2.66,2.8826
BiBr3,2.66,2.8692
BiBr3,2.66,2.5189
BiBr3,2.66,2.8714
BiI3,1.8,2.2293
BiI3,1.8,2.297
BiI3,1.8,2.7889
BiI3,1.8,2.8081
BiI3,1.8,2.5349
BiI3,1.8,2.4854
BiPO4,3.85,2.999
BiPO4,3.85,3.7758
BiPO4,3.85,4.0348
BiPO4,3.85,2.0415
BiPO4,3.85,3.6893
BiPO4,3.85,4.2384
BiSBr,1.92,2.032
BiSCl,1.89,1.9636
BiSeBr,1.5,1.6912
BiSeI,1.32,1.5764
BiSI,1.56,1.8669
BiTeI,0.46,1.2325
BiTeNO6,3.62,2.8005
BP,4.2,1.0624
BP,4.2,1.2435
BSb,2.6,0.7506
Ca2CdAs2,0.95,0.853
Ca2CdAs2,0.95,0.6609
Ca2Ge,1,0.5756
Ca2Ge,1,0.2999
Ca2MnAlO5,0,0.5726
Ca2ScSbO6,3.68,3.6318
Ca2Si,1.9,0.321
Ca2Si,1.9,0.2915
Ca2Sn,0.9,0.4354
Ca2Sn,0.9,0.0559
Ca2SnS4,2.32,1.0508
Ca2SnS4,2.32,1.8182
Ca2SnS4,2.32,0.872
Ca2SnS4,2.32,2.0406
Ca2SnS4,2.32,2.2605
Ca2SnS4,2.32,2.0269
Ca2SnS4,2.32,1.6015
Ca2SnS4,2.32,1.0654
Ca2SnS4,2.32,0.8648
Ca2SnS4,2.32,2.4423
Ca2SnS4,2.32,2.0263
Ca2SnS4,2.32,1.0856
Ca2SnS4,2.32,0.8674
Ca2SnS4,2.32,1.2367
Ca2SnS4,2.32,1.7377
Ca2SnS4,2.32,1.9557
Ca2SnS4,2.32,1.3308
Ca2SnS4,2.32,2
Ca2SnS4,2.32,1.6419
Ca3N2,1.55,0.7787
Ca3N2,1.55,1.4173
Ca3N2,1.55,1.3742
Ca3N2,1.55,1.3593
Ca3N2,1.55,1.2986
Ca3N2,1.55,1.3497
Ca3Sb2,1.4,0.0854
Ca3SbN,0,0.4075
Ca3Sn2S7,0,1.1259
Ca3Sn2S7,0,2.0608
Ca3Sn2S7,0,0.624
Ca3Sn2S7,0,0.4595
Ca3Sn2S7,0,1.7828
Ca4Bi6O13,2.76,1.7028
Ca4Bi6O13,2.76,2.1692
Ca4Bi6O13,2.76,1.2141
Ca4Bi6O13,2.76,1.7193
Ca5B3O9F,6.53,4.2368
Ca5Sb3,0,0.2412
CaF2,9.92,7.4677
CaF2,9.92,7.1157
CaF2,9.92,5.1414
CaF2,9.92,6.2538
CaI2,5.98,3.8971
CaMg2N2,3.25,1.9969
CaO,6.971,1.7422
CaO,6.971,2.0869
CaO,6.971,2.1384
CaO,6.971,1.9974
CaO,6.971,2.4659
CaO,6.971,3.6301
CaO,6.971,3.12
CaS,6,2.3819
CaSe,4.87,3.1661
CaSe,4.87,2.0728
CaSnO3,4.4,0.7363
CaSnO3,4.4,2.9379
CaSnO3,4.4,2.3301
CaSnO3,4.4,1.3905
CaTe,4.3,1.5535
CaTe,4.3,1.6323
CaTiO2,0,0.0204
CBr4,3.7,2.9265
Cd3As2,0.24,0.1409
Cd3As2,0.24,0.1805
Cd3P2,0.54,0.0018
Cd4As2Br3,1.88,0.9704
Cd4As2I3,1.89,1.174
Cd4P2Br3,2.19,1.3986
Cd4P2Cl3,2.24,1.3826
Cd4P2I3,2.17,1.3778
Cd4Sb2I3,1.83,1.1306
CdAs2,1,0.1332
CdAuO2,0,0.8955
CdBr2,4.47,2.9381
CdBr2,4.47,2.8798
CdBr2,4.47,2.8551
CdCl2,5.7,3.1363
CdCl2,5.7,3.5244
CdCl2,5.7,2.8987
CdCl2,5.7,3.5155
CdF2,6,2.7418
CdF2,6,2.8977
CdGeAs2,0.61,0.0085
CdGeP2,1.65,0.6455
CdI2,3.8,2.3874
CdI2,3.8,2.3656
CdI2,3.8,2.4195
CdI2,3.8,2.3218
CdI2,3.8,2.2164
CdI2,3.8,2.264
CdI2,3.8,2.3572
CdI2,3.8,2.3555
CdI2,3.8,2.0306
CdI2,3.8,2.3485
CdI2,3.8,2.3813
CdI2,3.8,2.3662
CdI2,3.8,2.3663
CdI2,3.8,2.4139
CdI2,3.8,2.3549
CdI2,3.8,2.3628
CdI2,3.8,2.3893
CdI2,3.8,2.3909
CdI2,3.8,2.3769
CdI2,3.8,2.3621
CdI2,3.8,2.3549
CdI2,3.8,2.3541
CdI2,3.8,2.3629
CdI2,3.8,2.3967
CdI2,3.8,2.3392
CdI2,3.8,2.3983
CdI2,3.8,2.3789
CdI2,3.8,2.3602
CdI2,3.8,2.3623
CdI2,3.8,2.3382
CdI2,3.8,2.395
CdI2,3.8,2.2334
CdI2,3.8,2.4082
CdI2,3.8,2.3711
CdI2,3.8,2.4065
CdI2,3.8,2.3728
CdI2,3.8,2.4113
CdI2,3.8,1.9111
CdI2,3.8,2.3821
CdI2,3.8,2.3518
CdI2,3.8,1.9641
CdI2,3.8,2.3696
CdI2,3.8,2.4005
CdI2,3.8,2.3506
CdI2,3.8,2.3649
CdI2,3.8,2.3644
CdI2,3.8,2.3794
CdI2,3.8,2.4018
CdI2,3.8,2.36
CdI2,3.8,2.464
CdI2,3.8,2.3705
CdI2,3.8,2.3615
CdI2,3.8,2.3738
CdI2,3.8,2.3609
CdI2,3.8,2.3795
CdI2,3.8,2.4505
CdI2,3.8,2.3543
CdI2,3.8,2.3862
CdI2,3.8,2.3799
CdI2,3.8,2.4236
CdI2,3.8,2.3619
CdI2,3.8,2.386
CdI2,3.8,2.3733
CdI2,3.8,2.4014
CdI2,3.8,2.3755
CdI2,3.8,2.3728
CdI2,3.8,2.3552
CdI2,3.8,2.3729
CdI2,3.8,2.3739
CdI2,3.8,2.4407
CdI2,3.8,2.4398
CdI2,3.8,2.3562
CdI2,3.8,2.3724
CdI2,3.8,2.3966
CdI2,3.8,2.4047
CdI2,3.8,2.3803
CdI2,3.8,2.4027
CdI2,3.8,2.4107
CdI2,3.8,2.4557
CdI2,3.8,2.4075
CdI2,3.8,2.3743
CdI2,3.8,2.3414
CdI2,3.8,2.3318
CdI2,3.8,2.3357
CdI2,3.8,2.3693
CdI2,3.8,2.3651
CdI2,3.8,2.3874
CdI2,3.8,2.357
CdI2,3.8,2.3551
CdI2,3.8,2.3663
CdI2,3.8,2.3407
CdI2,3.8,2.3283
CdI2,3.8,2.3394
CdI2,3.8,2.361
CdI2,3.8,2.3388
CdI2,3.8,2.3368
CdI2,3.8,2.3383
CdI2,3.8,2.3504
CdI2,3.8,2.3307
CdI2,3.8,2.3352
CdI2,3.8,2.3354
CdI2,3.8,2.325
CdI2,3.8,2.3668
CdI2,3.8,2.3317
CdI2,3.8,2.3277
CdI2,3.8,2.3412
CdI2,3.8,2.3435
CdI2,3.8,2.3354
CdI2,3.8,2.332
CdI2,3.8,2.3369
CdI2,3.8,2.3395
CdI2,3.8,2.3396
CdI2,3.8,2.3251
CdI2,3.8,2.3186
CdI2,3.8,2.3352
CdI2,3.8,2.3215
CdI2,3.8,2.3574
CdI2,3.8,2.345
CdI2,3.8,2.3597
CdI2,3.8,2.3403
CdI2,3.8,2.3569
CdI2,3.8,2.3474
CdP2,2.134,1.4562
CdP2,2.134,1.4898
CdP2,2.134,1.4556
CdP4,1.049,0.6551
CdS,2.501,1.5192
CdS,2.501,0.2766
CdS,2.501,1.0492
CdS,2.501,1.4908
CdS,2.501,0.2793
CdS,2.501,1.125
CdSb,0.57,0.0201
CdSb2Se3Br2,1.4,1.1429
CdSe,1.751,0.5724
CdSe,1.751,0.5096
CdSiAs2,1.5,0.4002
CdSiP2,1.8,1.4257
CdSnAs2,0.3,0.0063
CdSnO3,3,0.7079
CdSnO3,3,0.9762
CdSnO3,3,0.6904
CdSnP2,1.5,0.2695
CdTe,1.5,0.6186
CdTe,1.5,0.0215
CdTe,1.5,0.025
CdTe,1.5,0.5846
CdTe,1.5,0.6234
CdTeO3,3.91,3.019
Ce4FeSe6O,0,0.0795
CeBiW2O9,2.34,0.1477
CeF3,4.85,0.9484
CeO2,3.41,0.8878
CeO2,3.41,2.1485
CeO2,3.41,1.8647
CI4,2.26,1.1181
Co2O3,0,0.1519
Co2Te3O8,3.6,2.4813
Co5RuO8,0,0.0052
CoAsSe,0.2,0.6982
CoAsSe,0.2,0.3947
CoH2(SN)4,0,0.0289
CoOF,0,0.2316
CoP2,0.35,0.4378
CoPS,0.4,1.1231
CoSb3,0.5,0.1633
CoSbS,0.11,0.5518
CoSbS,0.11,0.2411
CoSbS,0.11,0.3674
Cr2O3,4.8,0.7749
Cr2O3,4.8,1.2217
Cr2O3,4.8,0.5239
Cr2O3,4.8,0.3521
Cr2O3,4.8,0.7689
Cr2O3,4.8,0.468
Cr2O3,4.8,0.2748
Cr2O3,4.8,0.7144
Cr2O3,4.8,0.6132
Cr2O3,4.8,0.3509
Cr2O3,4.8,2.4059
Cr2O3,4.8,1.831
CrH9(CN2)3,0,0.4028
CrO2,0.23,0.2743
CrO2,0.23,0.9693
CrO2,0.23,0.0147
CrO2,0.23,0.5338
CrO2,0.23,1.0567
CrO2,0.23,1.0276
CrO2,0.23,0.2641
CrO2,0.23,0.042
CrO2,0.23,0.3689
CrO2,0.23,0.3686
CrO3,1.4,1.3264
CrO3,1.4,2.2699
CrO3,1.4,2.0419
CrO3,1.4,1.6689
CrO3,1.4,1.914
CrO3,1.4,1.3587
CrO3,1.4,2.3376
CrO3,1.4,1.6375
CrSi2,1.3,0.3639
CrSi2,1.3,0.3639
Cs2AgBiBr6,2.19,1.3547
Cs2AgBiCl6,2.77,1.8663
Cs2Al2B2O7,4.13,4.249
Cs2Cd3Te4,2.48,1.5587
Cs2Cu2Sb2S5,1.6,1.1043
Cs2Hg3I8,2.56,1.7314
Cs2Hg3S4,2.8,1.7325
Cs2Hg6S7,1.63,0.6231
Cs2MgGe3Se8,2.04,1.4687
Cs2MgSn3Se8,1.92,1.4299
Cs2NaCoF6,0,2.801
Cs2PdSe8,1.5,1.1887
Cs2Sb,0.62,0.2839
Cs2Te,3.5,1.774
Cs2TeBr6,2.12,2.1121
Cs2TeI6,1.5,1.3877
Cs2ZnGe3Se8,2.31,1.4028
Cs2ZnSn3Se8,2.12,1.2553
Cs3Bi,0.55,0.179
Cs3Bi2Br9,2.5,2.5996
Cs3Bi2Br9,2.5,2.7811
Cs3Bi2I9,1.9,2.3509
Cs3Bi2I9,1.9,2.3796
Cs3Nb2AsSe11,1.35,0.9588
Cs3Sb,1.6,0.6126
Cs3Sb2Br9,2.3,1.9837
Cs3Sb2I9,1.89,1.883
Cs3Sb2I9,1.89,1.5406
Cs4BiAs3Se7,1.02,1.4702
Cs4Zr3S14,2.35,1.466
CsAg2AsS3,2.7,1.65
CsAg5Te3,0.65,0.0201
CsAgSb4S7,2.04,1.456
CsAsSe2,1.86,1.6057
CsAsSe2,1.86,1.625
CsAu,2.3,1.0233
CsB3O5,7.42,5.304
CsBi3Se5,0.43,1.4617
CsBiS2,1.4,1.5773
CsBiSe2,1.07,0.953
CsBr,7.18,4.2392
CsBr,7.18,4.2575
CsCdBO3,2.58,1.6462
CsCeCdSe3,2.4,0.0184
CsCl,7.8,4.9884
CsCl,7.8,4.8482
CsCu2AsS3,2.3,1.3532
CsErZnSe3,2.56,2.1566
CsF,10,5.2626
CsF,10,5.938
CsGaS3,3,2.6472
CsGdZnTe3,2.13,0.8743
CsGeI3,1.6,0.9905
CsGeI3,1.6,1.1901
CsI,6.4,3.6776
CsI,6.4,3.8727
CsI,6.4,3.1234
CsI,6.4,3.8409
CsI,6.4,3.8556
CsInI3,0,0.0565
CsInI3,0,1.4872
CsInS2,3.4,2.4776
CsInSe2,2.81,1.6302
CsInTe2,2.16,1.3522
CsInTe3O8,3.9,3.066
CsLaHgSe3,2.51,1.4545
CsLu7S11,1.86,2.0318
CsLu7Se11,1.78,1.5105
CsNi2F6,0,0.9768
CsPSe6,1.9,1.7032
CsPSe6,1.9,1.6167
CsSb,0.8,0.5216
CsSb,0.8,0.5558
CsSbS2,2.8,1.7364
CsSbSe2,1.7,1.1399
CsSmCdSe3,2.47,2.0217
CsSmHgSe3,2.374,1.3625
CsSmZnSe3,2.43,2.0424
CsTbZnTe3,2.12,1.3573
CsYbMnSe3,1.6,1.2409
CsYCdSe3,2.54,2.0855
CsYHgSe3,2.54,1.3946
CsYZnSe3,2.41,2.1117
CsZn2B3O7,5.69,3.5131
Cu2GeS3,0.53,0.0258
Cu2GeS3,0.53,0.1111
Cu2H3ClO3,0,0.2633
Cu2Hg2SF6,0,0.4967
Cu2O,2.59,0.5127
Cu2OF2,0,0.0459
Cu2OF2,0,0.1016
Cu2Se,1.23,0.0763
Cu2SnSe3,0.7,0.0858
Cu2SnSe3,0.7,0.0191
Cu2WSe4,1.65,1.2757
Cu3Se2(ClO3)2,0,0.0065
CuBr,3.077,0.4871
CuBr,3.077,0.9962
CuBr,3.077,0.1702
CuBr,3.077,0.4321
CuBr,3.077,0.4449
CuBr,3.077,0.2019
CuBS2,3.61,1.7425
CuCl,3.237,0.5736
CuCl,3.237,0.5569
CuCl,3.237,0.5646
CuCl,3.237,0.451
CuCl,3.237,0.3261
CuClO2,0,0.6614
CuClO2,0,0.8533
CuI,3.1,0.9456
CuI,3.1,1.5722
CuI,3.1,1.1763
CuI,3.1,1.1643
CuI,3.1,1.212
CuI,3.1,1.6471
CuI,3.1,1.4615
CuI,3.1,1.1312
CuMoO4,0,0.1636
CuMoO4,0,0.3695
CuMoO4,0,0.4407
CuN3,4.17,1.6279
CuN3,4.17,1.3853
CuP2,1.4,0.8679
CuSbS2,1.38,0.7227
CuSbSe2,1.05,0.4986
CuSeO3,0,0.2102
CuSeO3,0,0.0215
Dy12C6I17,0,0.0327
Dy2O3,5,1.5409
Dy2O3,5,4.1997
Dy2O3,5,3.9255
Dy2O3,5,3.9975
Dy2S3,2.91,0.5938
Dy2S3,2.91,1.9091
Dy2S3,2.91,0.7389
Dy2Te3,0.69,0.5488
Dy2Te3,0.69,0.0267
Dy3GaS6,2.81,2.0615
Dy4GaSbS9,2.58,2.0092
DyN,2.6,0.0431
DyPO4,6.38,5.8933
Er2O3,5.42,2.8826
Er2O3,5.42,4.1969
Er2O3,5.42,4.1023
Er2O3,5.42,3.9629
Er2Se3,1.66,0.2325
Er2Se3,1.66,0.7923
Er2Se3,1.66,1.6676
Er2Te3,0.9,0.0521
ErBiW2O9,3.26,2.6869
ErBiW2O9,3.26,2.5434
ErN,3,0.1243
ErSnAu,0,0.0061
Eu3BWO9,0,0.1844
EuAl2O4,2.74,0.0992
EuCuSeF,0,0.0305
EuVO4,3.44,0.1841
Fe10O9F11,0,1.0712
Fe10O9F11,0,0.3262
Fe10O9F11,0,0.6257
Fe10O9F11,0,1.2995
Fe10O9F11,0,0.7873
Fe10O9F11,0,1.2038
Fe10O9F11,0,1.0282
Fe10O9F11,0,0.9236
Fe10O9F11,0,1.2078
Fe10O9F11,0,0.79
Fe10O9F11,0,1.2984
Fe10O9F11,0,0.9217
Fe10O9F11,0,0.8352
Fe10O9F11,0,0.4653
Fe10O9F11,0,0.9674
Fe10O9F11,0,0.4193
Fe10O9F11,0,1.1674
Fe10O9F11,0,0.4907
Fe2O3,2.2,1.5656
Fe2O3,2.2,1.6877
Fe2O3,2.2,1.0606
Fe2O3,2.2,0.2202
Fe2O3,2.2,0.2832
Fe2O3,2.2,1.1378
Fe2O3,2.2,1.1123
Fe2O3,2.2,0.1211
Fe2O3,2.2,0.3798
Fe2O3,2.2,0.3018
Fe2O3,2.2,1.3134
Fe2O3,2.2,0.5554
Fe2O3,2.2,1.5673
Fe2O3,2.2,1.3095
Fe2O3,2.2,1.4927
Fe2O3,2.2,1.3902
Fe2O3,2.2,0.9977
Fe2O3,2.2,0.817
Fe2O3,2.2,1.5103
Fe2O3,2.2,1.3465
Fe6O7F5,0,0.2085
Fe6O7F5,0,0.3186
Fe6O7F5,0,0.0752
Fe6O7F5,0,0.2386
Fe6O7F5,0,0.2161
Fe6O7F5,0,0.254
Fe6O7F5,0,0.2442
FeAs2O7,0,0.3379
FeAsS,0.4,0.7373
FeAsSe,0.6,0.4486
FeOF,0,1.2815
FeOF,0,1.4842
FeOF,0,1.0415
FeOF,0,1.4205
FeOF,0,0.4501
FeOF,0,1.7348
FeOF,0,1.0019
FeOF,0,1.7329
FeOF,0,1.2567
FeOF,0,0.9123
FeOF,0,1.6719
FeOF,0,0.8664
FeOF,0,1.7851
FeOF,0,0.9423
FeOF,0,0.9023
FeOF,0,0.2185
FeOF,0,1.9005
FeOF,0,0.0051
FeOF,0,1.7936
FeOF,0,0.711
FeOF,0,1.1254
FeOF,0,0.5071
FeOF,0,1.1292
FeOF,0,1.3565
FeOF,0,0.1733
FeOF,0,1.6496
FeOF,0,1.776
FeOF,0,0.3215
FeOF,0,0.139
FeOF,0,1.1941
FeOF,0,1.2968
FeOF,0,0.2384
FeOF,0,1.3029
FeOF,0,0.7533
FeOF,0,0.2339
FeOF,0,0.2722
FeOF,0,0.3354
FeOF,0,1.3001
FeOF,0,0.4619
FeOF,0,0.6595
FeOF,0,0.3851
FeOF,0,1.384
FeOF,0,0.0593
FeOF,0,1.5767
FeOF,0,0.4687
FeOF,0,1.5979
FeOF,0,0.3432
FeOF,0,1.3618
FeOF,0,0.1996
FeOF,0,0.3078
FeOF,0,0.7966
FeOF,0,0.5585
FeOF,0,0.1274
FeOF,0,0.3581
FeOF,0,1.8737
FeOF,0,0.2129
FeOF,0,0.2603
FeOF,0,2.4349
FeOF,0,0.7455
FeOF,0,1.4003
FeOF,0,0.5836
FeOF,0,0.352
FeOF,0,1.7746
FeOF,0,1.7208
FeOF,0,1.437
FeOF,0,1.0406
FeOF,0,1.072
FeOF,0,0.9123
FeOF,0,0.6323
FeOF,0,0.2967
FeOF,0,1.2973
FeOF,0,0.4977
FeP4,0.32,1.075
FeP4,0.32,0.8293
FeP4,0.32,0.8049
FePS,0.25,0.5054
FeSi2,0.9,0.6966
Ga2O3,4.4,0.4707
Ga2O3,4.4,2.4025
Ga2O3,4.4,2.0373
Ga2O3,4.4,1.8296
Ga2O3,4.4,2.1521
Ga2O3,4.4,2.0229
Ga2O3,4.4,2.047
Ga2O3,4.4,1.2044
Ga2O3,4.4,0.0089
Ga2O3,4.4,2.0078
Ga2S3,2.85,1.3536
Ga2S3,2.85,1.8097
Ga2S3,2.85,1.7106
Ga2Se2O7,4.61,3.4975
Ga2Se3,2.3,0.5123
Ga2Se3,2.3,1.0436
Ga2Se3,2.3,0.5838
Ga2Te3,1.45,0.183
Ga2Te3,1.45,0.364
Ga2Te3,1.45,0.6375
GaAs,1.46,0.0077
GaAs,1.46,0.1861
GaAs,1.46,0.2238
GaGeTe,1.1,0.1672
GaHSeO4,5.51,4.1423
GaN,3.25,0.9819
GaN,3.25,0.8257
GaN,3.25,0.1606
GaN,3.25,0.0487
GaN,3.25,0.0327
GaN,3.25,0.0691
GaN,3.25,0.0344
GaN,3.25,0.1321
GaN,3.25,0.0875
GaN,3.25,0.1557
GaN,3.25,0.0874
GaN,3.25,0.0592
GaN,3.25,0.0022
GaN,3.25,0.0364
GaN,3.25,0.0753
GaN,3.25,0.0968
GaN,3.25,0.0099
GaN,3.25,0.0262
GaN,3.25,0.0195
GaN,3.25,0.0831
GaN,3.25,0.1887
GaN,3.25,0.4207
GaN,3.25,1.7265
GaN,3.25,1.5701
GaP,2.77,0.8334
GaP,2.77,1.6039
GaP,2.77,1.3002
GaP,2.77,0.2108
GaS,2.593,2.0036
GaS,2.593,2.0183
GaS,2.593,1.8665
GaSe,2,1.2233
GaSe,2,1.2406
GaSe,2,1.2387
GaSe,2,1.2121
GaTe,1.797,0.7853
GaTe,1.797,1.0066
Gd2O3,5.3,1.325
Gd2O3,5.3,2.97
Gd2O3,5.3,2.9411
Gd2O3,5.3,2.9057
Gd2S3,2.55,0.4598
Gd2S3,2.55,0.5267
Gd2S3,2.55,1.1643
Gd2Se3,2.2,0.449
Gd2Te3,0.74,0.0565
Gd4GaSbS9,2.41,1.5642
GdScS3,2.1,1.1774
Ge2Sb2Te5,0.5,0.2495
Ge2Sb2Te5,0.5,0.0189
GeAs,1.45,0.5113
GeAs2,1.1,0.7196
GeI2,1.5,2.0087
GeI2,1.5,2.0217
GeI2,1.5,1.965
GeO2,5.54,1.3715
GeO2,5.54,1.5228
GeO2,5.54,3.2454
GeO2,5.54,0.9845
GeO2,5.54,3.2493
GeO2,5.54,0.7937
GeO2,5.54,1.2157
GeO2,5.54,3.2501
GeO2,5.54,3.2779
GeP,0.95,0.4889
GeS,1.8,0.5488
GeS,1.8,1.2376
GeS2,3.71,0.9558
GeS2,3.71,2.2279
GeS2,3.71,2.8353
GeS2,3.71,2.2543
GeS2,3.71,2.2646
GeS2,3.71,2.1393
GeS2,3.71,2.149
GeS2,3.71,2.5975
GeSe,1.22,0.0153
GeSe,1.22,0.8988
GeSe2,2.38,1.5188
GeSe2,2.38,1.4892
GeSe2,2.38,1.7063
HfC,0,0.2957
HfO2,5.55,4.6678
HfO2,5.55,3.7545
HfO2,5.55,3.7691
HfO2,5.55,3.4783
HfO2,5.55,3.7499
HfO2,5.55,3.6201
HfO2,5.55,3.401
HfO2,5.55,4.2272
HfO2,5.55,4.0165
HfO2,5.55,3.8043
HfO2,5.55,4.4148
HfO2,5.55,3.3929
HfO2,5.55,4.1083
HfO2,5.55,4.264
HfO2,5.55,3.9025
HfS2,2.9,1.2237
HfS3,2.85,1.1326
HfSe2,2.2,0.5342
HgBr2,3.59,2.036
HgBr2,3.59,2.5527
HgBr2,3.59,1.6827
HgBrCl,3.4,2.7804
HgBrCl,3.4,2.5935
HgCl2,4.45,3.5289
HgCl2,4.45,2.8686
HgO,2.214,1.2712
HgO,2.214,1.1867
HgO,2.214,1.214
HgO,2.214,1.3101
HgPS3,2.6,1.7549
HgS,2.1,1.7077
HgS,2.1,1.6863
HgSe,0.12,1.0432
HgTe,0.175,0.2789
HgTe,0.175,0.4802
Ho2HfS5,1,1.2172
Ho2O3,5.42,1.517
Ho2O3,5.42,4.2423
Ho2O3,5.42,4.0575
Ho2O3,5.42,3.9458
Ho2S3,0.5,1.9342
Ho2S3,0.5,1.4613
Ho2S3,0.5,0.6114
Ho2S3,0.5,2.4745
Ho4C7,0,0.751
HoN,1.9,0.0875
HoSi,0,2.7206
In2Bi3Se7I,1.38,1.1487
In2O3,2.8,0.7627
In2O3,2.8,0.2217
In2O3,2.8,0.8796
In2O3,2.8,0.6708
In2O3,2.8,0.6812
In2O3,2.8,0.9586
In2O3,2.8,0.6305
In2O3,2.8,0.5803
In2S3,2,0.8171
In2S3,2,0.8856
In2S3,2,0.2802
In2S3,2,1.6041
In2S3,2,0.4849
In2Se2O7,2.97,2.8578
In2Se3,1.2,0.1045
In2Se3,1.2,0.9903
In2Se3,1.2,0.9081
In4Se3,0.64,0.1504
In4Te3,0.55,0.1224
In6S7,0.7,0.3186
In6Se7,0.34,0.4608
In6Se7,0.34,0.019
InAs,0.425,0.5748
InBi2S4Br,1.5,1.627
InBi2S4Cl,1.5,1.5805
InBi2Se4Br,1.21,1.2945
InP,1.5,0.4546
InP,1.5,0.528
InPS4,3.12,2.3185
InS,2.07,1.3508
InS,2.07,0.4359
InSb2S4Br,1.8,1.5308
InSb2S4Cl,1.8,1.5525
InSb2Se4Br,1.35,1.1103
InSe,1.32,0.6561
InSe,1.32,0.459
InSe,1.32,1.0804
InSe,1.32,0.6375
InSiTe3,0,0.4816
IrS2,0.9,0.5371
IrSe2,0.9,0.0517
K10Zn4Sn4S17,3.1,2.1377
K2Ag3Sb3S7,2.2,1.8382
K2Al2B2O7,6.89,4.5822
K2Al2B2O7,6.89,4.5949
K2B10H9O,0,0.0061
K2Bi8Se13,0.47,0.1365
K2Bi8Se13,0.47,0.8361
K2Cd2Te3,1.93,1.8823
K2Cd3S4,2.75,1.9018
K2Cd3Se4,2.36,1.4028
K2Cd3Te4,2.26,1.438
K2FeGe3Se8,1.95,0.1132
K2Gd2Sb2Se9,1.33,0.9272
K2Ho4Cu4S9,2.43,0.8687
K2Ho4Cu4S9,2.43,1.184
K2La2Sb2S9,2.2,1.1627
K2La2Ti3O10,3.05,1.7335
K2MnSnSe4,1.7,0.2833
K2Mo2Se2O11,3.3,2.787
K2Nd2Ti3O10,3.25,2.2681
K2PdSe10,1.48,1.0743
K2RbSb,1.2,0.6879
K2ReH9,5.71,5.213
K2S,2.1,2.3201
K2S,2.1,2.0612
K2Se,1.8,2.0925
K2SmP2S7,2.59,2.2591
K2Te,1.9,2.141
K2TeI6,1.38,1.7449
K2ZnTe2,3,2.0537
K3Bi2I9,2.1,2.5425
K3NaSn3Se8,2.2,1.6836
K3Nb2AsSe11,1.53,1.1802
K3Ta2AsS11,2.21,1.8918
K3Ta2AsSe11,1.45,1.2087
K3Ti2P5S18,1.61,1.1873
K4GeS4,0.8,2.7142
K4GeSe4,0.64,1.9993
K4Nb2S11,2.42,1.4656
K5In3P6Se19,2.2,1.0646
K6Cd4Sn3Se13,2.33,1.4058
K6CdTe4,2.51,1.6614
KAg2PS4,3.02,1.2441
KAg2SbS3,2.1,1.6883
KAg2SbS4,2.2,0.5696
KAgO,0,1.4858
KAsSe2,1.63,1.5959
KBaAsSe3,2.26,1.6299
KBaB5O9,3.65,5.0637
KBaSbSe3,2.04,1.7736
KBi3S5,1.21,1.4227
KBiO3,0,0.4914
KBiO3,0,0.1862
KBiO3,0,0.4906
KBiS2,0.9,1.4158
KBiSe2,0.7,0.8131
KBr,7.6,4.3224
KBr,7.6,3.8761
KCl,8.5,5.027
KCl,8.5,4.8005
KCoO2,0,0.5209
KCoO2,0,0.1171
KCoO2,0,1.3214
KCu2SbS3,1.53,0.9539
KCu3S2,1.459,0.4727
KCu4AsS4,1.9,1.2885
KCuPO4,0,0.1717
KCuPO4,0,0.1287
KF,10.3,5.9494
KF,10.3,6.2747
KI,6.31,3.7452
KI,6.31,4.4414
KI,6.31,3.8513
KI,6.31,3.2404
KI,6.31,4.0666
KInS2,3,2.0145
KInSe2,2.68,1.5423
KInSe2,2.68,1.8437
KIO3,3.83,2.8548
KIO3,3.83,2.813
KIO3,3.83,2.8533
KIO3,3.83,2.5295
KIO3,3.83,2.7868
KIO3,3.83,3.5428
KIO3,3.83,2.5682
KLi(WO3)3,0,1.0924
KPSe6,2.16,1.9067
KSb,0.9,0.8246
KSb5S8,1.82,1.5916
KSbS2,1.6,1.601
KSbSe2,1.14,1.4532
KSbSe2,1.14,1.1298
KSm2CuS4,2.17,1.013
KTaO3,3.5,2.0995
KTiPO5,3.8,2.7252
KTiPO5,3.8,3.0598
KV6O11,0,0.3273
KZrPSe6,2,0.0146
La10Mn9O30,0,0.0317
La2CuO4,0,0.0552
La2HfS5,0.7,1.0901
La2MnNiO6,1.2,1.2797
La2MnNiO6,1.2,1.5805
La2MoO5,0.49,0.5206
La2Nb2N2O5,0,2.0354
La2Nb2N2O5,0,1.4684
La2Nb2N2O5,0,1.5551
La2Nb2N2O5,0,1.4914
La2Nb2N2O5,0,1.6053
La2Nb2N2O5,0,1.5557
La2Nb2N2O5,0,1.5454
La2O3,5.4,3.8248
La2O3,5.4,3.3008
La2O3,5.4,0.3996
La2O3,5.4,1.5342
La2O3,5.4,3.411
La2S3,2.77,1.9531
La2S3,2.77,1.0358
La2Se3,1.97,1.58
La2ZrS5,2.01,1.0739
La3CuGeSe7,2,1.1936
La3LuSe6,1.26,0.4845
La4Cd4In2S13,2.27,1.1569
La4InSbS9,2.07,2.2196
La8Sb2S15,2.3,1.9358
LaF3,6.6,5.1214
LaF3,6.6,4.8904
LaF3,6.6,4.9199
LaF3,6.6,4.816
LaF3,6.6,6.0452
LaF3,6.6,4.9708
LaF3,6.6,5.761
LaF3,6.6,6.0429
LaGaO3,4.4,3.3682
LaGaO3,4.4,3.3659
LaGaO3,4.4,3.2035
LaGaO3,4.4,3.3802
LaGaO3,4.4,3.1939
LaGaO3,4.4,3.3483
LaGaS3,2.5,2.1506
LaGaS3,2.5,2.2366
LaSi,0,2.1752
LaTaN2O,2,0.6713
LaVI5O16,3.58,2.3631
LaZnAsO,1.5,0.576
Li2B4O7,7.3,5.8119
Li2B4O7,7.3,3.7518
Li2CdGeS4,3.1,2.2131
Li2CdSnS4,3.26,1.9176
Li2CrCo3O8,0,0.5611
Li2CrCo3O8,0,0.1317
Li2Fe2(PO4)3,0,0.0019
Li2Fe3CoO8,0,0.0049
Li2Fe3SnO8,0,0.228
Li2Fe3SnO8,0,0.1697
Li2Fe3SnO8,0,0.1095
Li2FeWO6,0,0.0854
Li2Ga2GeS6,3.65,2.1339
Li2In2GeS6,3.45,2.3229
Li2In2GeSe6,2.3,1.5416
Li2In2SiS6,3.61,2.428
Li2In2SiSe6,2.54,1.8159
Li2MgSn,0,0.0475
Li2MnCo3O8,0,1.4201
Li2MnCo3O8,0,0.3293
Li2MnCo3O8,0,0.1376
Li2MnCo3O8,0,0.8725
Li2MnCo3O8,0,0.6605
Li2MnCo3O8,0,0.0064
Li2MnCo3O8,0,1.4201
Li2MnCo3O8,0,0.3293
Li2MnCo3O8,0,0.1376
Li2MnCo3O8,0,0.8725
Li2MnCo3O8,0,0.6605
Li2MnCo3O8,0,0.0064
Li2MnNi3O8,0,0.2074
Li2MnO2F,0,2.404
Li2MnO2F,0,1.0934
Li2MnO2F,0,1.4027
Li2MnO2F,0,0.9824
Li2MnO2F,0,2.21
Li2MnO2F,0,1.7081
Li2MnO2F,0,2.3681
Li2MnO2F,0,2.1221
Li2MnO2F,0,1.8935
Li2MnO2F,0,1.126
Li2MnO2F,0,1.1291
Li2MnO2F,0,0.8933
Li2MnO2F,0,2.2217
Li2MnO2F,0,1.0331
Li2MnO2F,0,0.9467
Li2MnO2F,0,0.633
Li2MnO2F,0,0.8826
Li2MnO2F,0,2.226
Li2MnO2F,0,1.0263
Li2MnO2F,0,0.8574
Li2MnO2F,0,1.0658
Li2Ni2SbO6,0,0.669
Li2Ni3TeO8,0,0.2078
Li2Ni3TeO8,0,0.5263
Li2Ni5(PO4)4,0,3.6441
Li2PtO3,2.3,1.842
Li2Si4Ni5O14,0,2.5811
Li2Si4Ni5O14,0,2.9501
Li2Ti3FeO8,0,0.0051
Li2Ti3FeO8,0,1.9638
Li2Ti3FeO8,0,1.3676
Li2Ti3FeO8,0,0.0051
Li2Ti3FeO8,0,1.9638
Li2Ti3FeO8,0,1.3676
Li2TiMn3O8,0,0.9985
Li2TiMn3O8,0,0.7282
Li2TiMn3O8,0,0.7526
Li2U(MoO5)2,0,2.4115
Li2V2F7,0,0.01
Li2V2F7,0,0.0032
Li2V2F7,0,0.7862
Li2V2F7,0,0.4683
Li2V2F7,0,0.2643
Li2V2F7,0,0.3771
Li2V2F7,0,1.2185
Li2V3CrO8,0,0.9156
Li2V3CrO8,0,1.1214
Li2V3CrO8,0,1.1102
Li2V3CrO8,0,0.1249
Li2V3CrO8,0,1.457
Li2V3CrO8,0,1.0158
Li2V3CrO8,0,1.1108
Li2V3CrO8,0,1.1299
Li2V3CrO8,0,0.6706
Li2V3FeO8,0,1.2828
Li2V3FeO8,0,1.2138
Li2V3FeO8,0,1.0334
Li2V3FeO8,0,1.2357
Li2V3FeO8,0,1.2644
Li2V3FeO8,0,1.0477
Li2ZnSnS4,2.87,2.1758
Li3Bi,0.7,0.3429
Li3Bi,0.7,0.4031
Li3Co3SbO8,0,0.8933
Li3Co3SbO8,0,0.5685
Li3Co3SbO8,0,0.2119
Li3Co3SbO8,0,0.3571
Li3CrCo3O8,0,0.3643
Li3CrCo3O8,0,0.7916
Li3CrCo3O8,0,0.7802
Li3CrO4,0,1.0152
Li3CrO4,0,1.0384
Li3CrO4,0,0.9477
Li3CrO4,0,0.5067
Li3CrO4,0,1.1496
Li3CrO4,0,0.6395
Li3CrO4,0,0.8333
Li3CrO4,0,1.3233
Li3Mn2(CoO4)2,0,0.2269
Li3Mn2(PO4)3,0,1.0426
Li3Mn2(PO4)3,0,1.1909
Li3Mn2(PO4)3,0,1.204
Li3Mn2(PO4)3,0,1.426
Li3Mn2(PO4)3,0,1.0847
Li3Mn2(PO4)3,0,0.9571
Li3Mn2(PO4)3,0,0.7836
Li3Mn2(PO4)3,0,0.7339
Li3Mn2(PO4)3,0,0.8166
Li3Mn2(PO4)3,0,0.877
Li3Mn2(PO4)3,0,0.5819
Li3Mn2(PO4)3,0,0.5011
Li3Mn2(PO4)3,0,1.3973
Li3Mn3NiO8,0,0.4597
Li3Mn3NiO8,0,0.3791
Li3Mn4(PO4)6,0,0.0133
Li3Mn4(PO4)6,0,0.3498
Li3Mn4(PO4)6,0,0.4279
Li3Mn4(PO4)6,0,0.0391
Li3Mn4O8,0,0.5946
Li3Mn4O8,0,0.2701
Li3Mn4O8,0,0.3632
Li3Mn4O8,0,0.2524
Li3Mn4O8,0,0.4203
Li3Mn4O8,0,0.54
Li3Mn4O8,0,1.2818
Li3Mn4O8,0,0.76
Li3Mo2P5O18,0,1.4358
Li3Ni3(PO4)4,0,0.026
Li3PS4,3.68,2.4787
Li3PS4,3.68,2.9579
Li3PS4,3.68,2.8091
Li3ScN2,2.9,2.4014
Li3Ti2(PO4)3,0,0.0156
Li3Ti2(PO4)3,0,0.0341
Li3Ti2(PO4)3,0,0.1295
Li3Ti2(PO4)3,0,0.0778
Li3Ti2(PO4)3,0,0.1246
Li3Ti2(PO4)3,0,0.0102
Li3Ti2(PO4)3,0,0.3681
Li3Ti2(PO4)3,0,0.0021
Li3Ti2(PO4)3,0,0.0555
Li3Ti2(PO4)3,0,0.0264
Li3V4FeO12,0,1.3631
Li3V4FeO12,0,1.3456
Li3V4FeO12,0,1.8668
Li3V4NiO12,0,0.0863
Li3VOF5,0,2.9899
Li3VOF5,0,2.1558
Li3VOF5,0,2.7911
Li4Cr3NiO8,0,0.4122
Li4Cr3NiO8,0,0.4484
Li4Cr3NiO8,0,0.3216
Li4CrO5,0,1.4312
Li4CrO5,0,1.3869
Li4CrO5,0,1.2955
Li4Cu(PO4)2,0,0.0694
Li4Cu(PO4)2,0,0.7775
Li4Cu(PO4)2,0,0.0694
Li4Cu(PO4)2,0,0.7775
Li4Fe3NiO8,0,1.1428
Li4Fe7(OF7)2,0,0.8549
Li4Fe7(OF7)2,0,3.0765
Li4Fe7(OF7)2,0,3.13
Li4Fe7(OF7)2,0,2.6702
Li4MgNi3O8,0,0.7587
Li4MgNi3O8,0,0.3275
Li4MgNi3O8,0,0.2298
Li4Mn(WO4)3,0,1.9685
Li4Mn3Cr3O12,0,0.6887
Li4Ni2(PO4)3,0,0.0052
Li4Ni3BiO8,0,0.3278
Li4Ni3BiO8,0,0.4452
Li4VF7,0,2.6085
Li4WO5,0,3.8894
Li4WO5,0,3.1082
Li5Co2Ni3O10,0,0.4883
Li5Co2Ni3O10,0,0.2273
Li5Fe6(BO3)6,0,1.6058
Li5Mn3(FeO5)2,0,1.0806
Li5Mn6(BO3)6,0,0.2372
Li5Mn6(BO3)6,0,0.7362
Li5Mn6(BO3)6,0,0.0568
Li5Mn6(BO3)6,0,0.4221
Li5Mn6(BO3)6,0,0.4445
Li5Mn6(BO3)6,0,0.1588
Li5Mn6(BO3)6,0,0.4108
Li5Mn6(BO3)6,0,0.1871
Li5Mn6(BO3)6,0,0.3617
Li5Mn6(BO3)6,0,0.1251
Li5Mn6(BO3)6,0,0.3332
Li5Mn6(BO3)6,0,0.4081
Li5Mn6(BO3)6,0,0.1476
Li5Mn6(BO3)6,0,0.3019
Li5Mn6(BO3)6,0,0.164
Li5Mn6(BO3)6,0,0.2498
Li5Mn6(BO3)6,0,0.0916
Li6Mn5CoO12,0,0.5078
Li6Mn5CoO12,0,0.7201
Li8BiS6,0,0.0162
LiAgF3,0,0.2067
LiAgF3,0,0.3228
LiAgF3,0,0.0885
LiAgF3,0,0.3374
LiAgF3,0,0.2356
LiAlGe,0,0.0527
LiAsS2,1.6,1.0664
LiAsSe2,1.1,0.7504
LiAsSe2,1.1,0.4896
LiAsSe2,1.1,0.2048
LiB3O5,7.75,6.1706
LiB3O5,7.75,6.4843
LiBi2(PO4)3,0,0.2874
LiBi2(PO4)3,0,0.2443
LiBi2(PO4)3,0,0.5567
LiBi2(PO4)3,0,0.5374
LiBiS2,0.18,1.4793
LiBiS2,0.18,1.1315
LiBiS2,0.18,0.4173
LiBr,7.5,4.9234
LiBr,7.5,4.9348
LiCa3As2H,1.4,1.4417
LiCdBO3,4.28,2.4534
LiCdBO3,4.28,2.1156
LiCl,9.33,5.7373
LiCl,9.33,6.25
LiCo(CO3)2,0,0.0379
LiCo(CO3)2,0,0.5793
LiCo(CO3)2,0,0.7002
LiCo(CO3)2,0,0.3746
LiCo(CO3)2,0,0.7914
LiCo(CO3)2,0,0.6429
LiCo(CO3)2,0,0.6318
LiCo(CO3)2,0,0.3906
LiCo(CO3)2,0,0.4052
LiCo(CO3)2,0,0.7368
LiCo(CO3)2,0,0.7745
LiCo(CO3)2,0,0.354
LiCo(CO3)2,0,0.0379
LiCo(CO3)2,0,0.5793
LiCo(CO3)2,0,0.7002
LiCo(CO3)2,0,0.3746
LiCo(CO3)2,0,0.7914
LiCo(CO3)2,0,0.6429
LiCo(CO3)2,0,0.6318
LiCo(CO3)2,0,0.3906
LiCo(CO3)2,0,0.4052
LiCo(CO3)2,0,0.7368
LiCo(CO3)2,0,0.7745
LiCo(CO3)2,0,0.354
LiCoS2,0,0.8184
LiCoS2,0,0.6075
LiCoS2,0,0.5787
LiCoS2,0,0.5539
LiCu3F7,0,0.0573
LiCuO2,0,0.1739
LiCuO2,0,0.3301
LiCuO2,0,0.287
LiCuO2,0,0.3163
LiCuO2,0,0.0939
LiCuO2,0,0.4993
LiCuPO4,0,0.2095
LiCuPO4,0,0.5694
LiCuPO4,0,0.1742
LiCuPO4,0,0.0939
LiCuPO4,0,0.5457
LiCuPO4,0,0.2333
LiCuPO4,0,0.0245
LiCuPO4,0,0.3083
LiCuPO4,0,0.3594
LiCuPO4,0,0.5241
LiCuPO4,0,0.2326
LiCuPO4,0,0.5083
LiCuPO4,0,0.3225
LiCuPO4,0,0.0534
LiCuPO4,0,0.0694
LiCuPO4,0,0.1439
LiCuPO4,0,0.5295
LiCuPO4,0,0.3798
LiCuPO4,0,0.0996
LiCuPO4,0,0.2134
LiCuPO4,0,0.0598
LiCuPO4,0,0.3665
LiCuPO4,0,0.4106
LiCuPO4,0,0.0664
LiCuPO4,0,0.1712
LiCuPO4,0,0.5559
LiCuPO4,0,0.2983
LiCuPO4,0,0.2095
LiCuPO4,0,0.5694
LiCuPO4,0,0.1742
LiCuPO4,0,0.0939
LiCuPO4,0,0.5457
LiCuPO4,0,0.2333
LiCuPO4,0,0.0245
LiCuPO4,0,0.3083
LiCuPO4,0,0.3594
LiCuPO4,0,0.5241
LiCuPO4,0,0.2326
LiCuPO4,0,0.5083
LiCuPO4,0,0.3225
LiCuPO4,0,0.0534
LiCuPO4,0,0.0694
LiCuPO4,0,0.1439
LiCuPO4,0,0.5295
LiCuPO4,0,0.3798
LiCuPO4,0,0.0996
LiCuPO4,0,0.2134
LiCuPO4,0,0.0598
LiCuPO4,0,0.3665
LiCuPO4,0,0.4106
LiCuPO4,0,0.0664
LiCuPO4,0,0.1712
LiCuPO4,0,0.5559
LiCuPO4,0,0.2983
LiF,11.7,7.5593
LiF,11.7,8.7161
LiFe2(PO4)3,0,0.1375
LiFe2(PO4)3,0,0.0197
LiFe2(PO4)3,0,0.2584
LiFe2(PO4)3,0,0.0694
LiFe2(SiO4)2,0,0.0188
LiGaO2,5.6,3.1981
LiGaO2,5.6,3.7448
LiGaS2,3.76,2.9608
LiGaSe2,3.13,2.0656
LiGaTe2,2.31,1.5885
LiI,5.62,4.2306
LiI,5.62,4.2319
LiI,5.62,4.3818
LiInS2,3.56,2.1875
LiInSe2,2.83,0.8381
LiInSe2,2.83,1.5731
LiInSe2,2.83,1.6234
LiInSe2,2.83,0.4148
LiInTe2,1.46,1.3847
LiIO3,4.37,2.5038
LiIO3,4.37,3.6861
LiIO3,4.37,3.6546
LiIO3,4.37,3.7886
LiIO3,4.37,3.5742
LiMgAs,0.7,1.3723
LiMgBi,0.4,0.3587
LiMgN,3.2,2.2065
LiMgN,3.2,2.4462
LiMn(PO4)2,0,0.1037
LiMn(PO4)2,0,0.6001
LiMn(PO4)2,0,0.3041
LiMn2(PO4)2,0,0.2787
LiMn2(PO4)2,0,0.1185
LiMn2(PO4)2,0,0.1326
LiMn2(PO4)2,0,0.3659
LiMn2(PO4)2,0,0.081
LiMn2(PO4)2,0,0.7391
LiMn2(PO4)2,0,0.8268
LiMn2(PO4)2,0,0.2913
LiMn2(PO4)2,0,0.2121
LiMn2(PO4)2,0,0.4322
LiMn2(PO4)2,0,0.3469
LiMn2(PO4)2,0,0.1433
LiMn4O8,0,0.1557
LiMn4O8,0,0.1788
LiMn4O8,0,0.5743
LiMnCoO4,0,0.2462
LiMnO2,0,0.9368
LiMnO2,0,1.0854
LiMnO2,0,0.803
LiMnO2,0,0.35
LiMnO2,0,1.6645
LiMnO2,0,1.4906
LiMnO2,0,1.9855
LiMnO2,0,1.4274
LiMnO2,0,1.2682
LiMnO2,0,0.8968
LiMnO2,0,1.1504
LiMnO2,0,0.5065
LiMnP2O7,0,1.299
LiMnP2O7,0,0.6491
LiMnP2O7,0,0.5258
LiMnP2O7,0,0.6117
LiMnP2O7,0,0.6032
LiMnP2O7,0,0.0944
LiMnP2O7,0,1.3411
LiMnP2O7,0,1.4202
LiMnP2O7,0,1.7196
LiMnP2O7,0,1.272
LiMnP2O7,0,0.9889
LiMnP2O7,0,1.3147
LiMnP2O7,0,1.0879
LiMnP2O7,0,1.2405
LiMnP2O7,0,1.144
LiMnP2O7,0,1.7197
LiMnP2O7,0,0.9474
LiMnP2O7,0,1.7334
LiMnP2O7,0,1.2363
LiMnP2O7,0,1.5927
LiMnP2O7,0,1.229
LiMnP2O7,0,1.428
LiMnP2O7,0,0.9471
LiMnP2O7,0,1.0106
LiMnP2O7,0,0.3033
LiMnP2O7,0,1.1919
LiMnP2O7,0,0.9092
LiMnP2O7,0,1.3693
LiMnP2O7,0,0.4067
LiMnP2O7,0,0.9061
LiMnP2O7,0,1.1431
LiMnP2O7,0,1.6376
LiMnP2O7,0,0.4615
LiMnP2O7,0,0.4679
LiMnP2O7,0,0.4323
LiMnP2O7,0,0.3766
LiMnP2O7,0,0.1095
LiMnP2O7,0,0.2467
LiMnSiO4,0,0.1707
LiMnSiO4,0,1.2118
LiMnSiO4,0,0.9587
LiMnSiO4,0,1.1486
LiMnSiO4,0,0.1955
LiMnSiO4,0,1.3111
LiMnSiO4,0,1.4767
LiMnSiO4,0,1.0511
LiMnSiO4,0,0.4486
LiMnSiO4,0,0.0328
LiMnSiO4,0,0.9906
LiMnSiO4,0,1.0289
LiMnSiO4,0,1.6443
LiMnSiO4,0,0.8937
LiMoIO6,2.8,2.2334
LiNbO3,4,3.684
LiNbO3,4,3.1296
LiNbO3,4,3.3358
LiNbO3,4,2.275
LiNbO3,4,2.9621
LiNbO3,4,3.0192
LiNbO3,4,2.9794
LiNbO3,4,3.0381
LiNbO3,4,3.4857
LiNbO3,4,3.4233
LiNbO3,4,2.8678
LiNi2(PO4)3,0,0.0904
LiNi2(PO4)3,0,0.0127
LiNiP2O7,0,0.075
LiNiP2O7,0,0.0323
LiNiP2O7,0,0.5763
LiNiP2O7,0,0.0336
LiNiP2O7,0,0.0239
LiNiP2O7,0,0.3836
LiNiP2O7,0,0.0513
LiNiP2O7,0,0.0922
LiNiP2O7,0,0.0439
LiSbS2,1.36,0.0911
LiSbS2,1.36,1.2569
LiSbS2,1.36,0.3905
LiSbS2,1.36,0.0072
LiSbSe2,0.68,0.3339
LiSbSe2,0.68,0.2287
LiSbTe2,0.129,0.1759
LiSn(PO3)4,0,0.0684
LiSn(PO3)4,0,0.0162
LiSn(PO3)4,0,3.0191
LiSn(PO3)4,0,0.0877
LiSn(PO3)4,0,0.0571
LiSn(PO3)4,0,0.0684
LiSn(PO3)4,0,0.0162
LiSn(PO3)4,0,3.0191
LiSn(PO3)4,0,0.0877
LiSn(PO3)4,0,0.0571
LiTaO3,4.1,3.7436
LiTaO3,4.1,2.4709
LiTaO3,4.1,3.4719
LiTaO3,4.1,3.7003
LiTaO3,4.1,2.5608
LiTiSiO4,0,0.0483
LiV2NiO6,0,1.5283
LiV2NiO6,0,0.1541
LiV3O4,0,0.1168
LiV3O4,0,0.0166
LiV3O4,0,0.1358
LiV3O4,0,0.2221
LiV3O4,0,0.4256
LiZnBO3,3.1,3.5248
LiZnBO3,3.1,0.0357
LiZnBO3,3.1,2.9769
LiZnBO3,3.1,3.556
LiZnN,1.98,0.5187
Lu2O3,5.5,4.0883
Lu2O3,5.5,4.0211
Lu2O3,5.5,4.2763
Mg2CuWO6,0,0.2642
Mg2Ge,1.67,0.1689
Mg2GeSe4,2.02,1.4938
Mg2Si,2.27,0.218
Mg3As2,2.2,1.6654
Mg3As2,2.2,0.5454
Mg3Bi2,0,0.3094
Mg3N2,2.8,1.9528
Mg3P2,1.4,1.7981
Mg3P2,1.4,1.1058
Mg3Sb2,0.82,1.3212
Mg3Sb2,0.82,0.2172
Mg5B3O9F,5.63,5.3181
MgCo2(PO5)2,0,0.0595
MgF2,11.1,6.8477
MgF2,11.1,6.4719
MgF2,11.1,6.824
MgF2,11.1,6.7193
MgF2,11.1,6.3826
MgGeN2,4.2,2.6358
MgMnO3,0,0.6265
MgO,7.777,2.2579
MgO,7.777,3.0483
MgO,7.777,2.8821
MgO,7.777,3.0614
MgO,7.777,3.8943
MgO,7.777,3.0171
MgO,7.777,2.7412
MgO,7.777,3.304
MgO,7.777,3.1951
MgO,7.777,0.0014
MgO,7.777,2.2025
MgO,7.777,1.9229
MgO,7.777,2.8658
MgO,7.777,1.9477
MgO,7.777,1.8773
MgO,7.777,2.0815
MgO,7.777,2.075
MgO,7.777,1.8877
MgO,7.777,4.4292
MgO,7.777,3.3701
MgO,7.777,3.4119
MgO,7.777,3.4246
MgSe,5.63,2.5765
MgSe,5.63,1.7609
MgSe,5.63,2.5476
MgSiN2,4.05,4.1797
MgSiN2,4.05,3.6844
MgSiN2,4.05,3.9662
MgTe,3.6,0.4271
MgTe,3.6,0.9877
MgTe,3.6,2.3612
MgTe,3.6,2.3186
Mn11Si19,0.8,0.8909
Mn2OF3,0,0.9935
Mn2OF3,0,0.7049
Mn2OF3,0,0.3261
Mn2OF3,0,0.0442
Mn2OF3,0,0.5066
Mn2OF3,0,0.2993
Mn2OF3,0,0.0125
Mn2OF3,0,0.1645
Mn2OF3,0,0.0633
Mn2OF3,0,0.4974
Mn2OF3,0,0.346
Mn3NbO8,0,0.5274
Mn3SbO8,0,0.6186
Mn5O3F5,0,0.7121
Mn5O3F5,0,0.5583
Mn5O3F5,0,0.0654
MnF2,9.9,3.0911
MnF2,9.9,2.3648
MnF2,9.9,2.5363
MnF2,9.9,3.283
MnI2,4.4,1.1708
MnO,3.6,1.3105
MnO,3.6,0.0053
MnO,3.6,0.1844
MnO,3.6,0.9851
MnO2,1.3,1.1474
MnO2,1.3,1.9395
MnO2,1.3,0.6175
MnO2,1.3,1.1467
MnO2,1.3,1.521
MnO2,1.3,1.5739
MnO2,1.3,1.5791
MnO2,1.3,0.541
MnO2,1.3,0.8718
MnO2,1.3,0.985
MnO2,1.3,1.0153
MnP4,0.28,0.5336
MnP4,0.28,0.4368
MnP4,0.28,0.4786
MnP4,0.28,0.5243
MnSe,2.5,0.0484
MoO3,3.54,1.2346
MoO3,3.54,1.6532
MoO3,3.54,0.9064
MoO3,3.54,0.9331
MoO3,3.54,0.538
MoO3,3.54,1.8186
MoO3,3.54,1.3714
MoO3,3.54,1.9487
MoO3,3.54,0.9699
MoO3,3.54,1.6843
MoO3,3.54,0.5196
MoO3,3.54,0.7267
MoO3,3.54,0.7662
MoO3,3.54,1.8343
MoO3,3.54,0.6098
MoSe2,1.6,1.2544
MoSe2,1.6,1.4311
MoSe2,1.6,1.4248
MoSe2,1.6,1.1603
MoSe2,1.6,1.4014
MoSe2,1.6,1.301
MoSe2,1.6,1.362
Na2Be4B4O11,7.3,5.1706
Na2CdSnS4,2.52,1.9501
Na2CdSnS4,2.52,1.925
Na2EuGeSe4,2,0.1751
Na2Ga2GeS6,3.29,2.6215
Na2Ge2Se5,2.38,1.4997
Na2Ge2Se5,2.38,1.8539
Na2In2GeS6,3.17,2.1907
Na2In2SiS6,3.27,2.2375
Na2Mo2Se2O11,3.1,2.7772
Na2Nb4Se4O19,3.56,2.3695
Na2S,2.4,2.1176
Na2S,2.4,2.4399
Na2S,2.4,1.681
Na2Se,2,2.0153
Na2SO4,0,0.1846
Na2SO4,0,1.6482
Na2SO4,0,4.9709
Na2SO4,0,4.9903
Na2SO4,0,5.0327
Na2Te,2.3,2.0282
Na2TeS3,2.35,1.7828
Na2TeSe3,1.95,1.2319
Na2TeSe3,1.95,1.2031
Na2Ti3O7,3.51,2.9953
Na2UI6,0,0.2271
Na2UI6,0,0.1128
Na2UI6,0,0.3792
Na2UI6,0,0.0903
Na3MoO4F,4.77,4.5355
Na3Sb,1.1,0.3946
Na3UF7,0,0.0636
NaAsO3,0,2.8628
NaAsS2,2.23,1.3457
NaAsSe2,1.52,1.3716
NaAsSe2,1.52,0.0282
NaAsSe2,1.52,1.4318
NaBiS2,0.38,0.9313
NaBiS2,0.38,1.4469
NaBiS2,0.38,1.2317
NaBiSe2,0.35,1.0923
NaBiSe2,0.35,0.7066
NaBr,7.025,4.0895
NaC,0,3.4916
NaC,0,3.1659
NaCdAsS3,2.93,1.9753
NaCl,8.5,4.3847
NaCl,8.5,3.9736
NaCl,8.5,5.0037
NaCuO,0,1.2722
NaF,10.5,6.204
NaFe2O3,0,1.4245
NaI,5.8,2.7455
NaI,5.8,3.5687
NaI,5.8,3.0807
NaIn3S5,2.18,1.2428
NaInS2,1.9,1.8377
NaInSe2,2.8,1.0192
NaInTe2,1.6,0.6416
NaLa2TaO6,4.5,3.9792
NaNb2PS10,1.72,1.3156
NaNbSe2O7,3.65,2.9067
NaNO2,3.02,2.1591
NaNO2,3.02,2.4181
NaNO2,3.02,2.4493
NaSb,0.82,0.6041
NaSbF6,3.76,4.7556
NaSbF6,3.76,6.1153
NaSbF6,3.76,4.8892
NaSbS2,1.48,0.1165
NaSbS2,1.48,0.8857
NaSbS2,1.48,0.4529
NaSbSe2,1.6,0.6375
NaSbTe2,0.47,0.6589
NaZrCuTe3,0,0.0049
Nb2O5,3.08,1.8452
Nb2O5,3.08,2.5972
Nb2O5,3.08,1.9717
Nb2O5,3.08,0.9798
Nb2O5,3.08,2.171
Nb2O5,3.08,1.5566
Nb2O5,3.08,1.7731
Nb2O5,3.08,2.5231
Nb2O5,3.08,1.764
Nb2O5,3.08,2.2152
Nb2O5,3.08,2.5226
NbHO3,0,2.6221
NbHO3,0,2.531
Nd2HfS5,0.7,1.0171
Nd2O3,4.4,3.708
Nd2O3,4.4,3.8089
Nd2O3,4.4,0.9186
Nd2O3,4.4,3.6365
Nd2O3,4.4,1.5703
Nd2S3,2.65,1.836
Nd2S3,2.65,0.7596
Nd2Se3,1.75,1.4781
Nd2ZrS5,1.83,1.0438
NdF3,6.15,5.6372
NdF3,6.15,5.4439
NdF3,6.15,7.8031
NdF3,6.15,7.6164
NdGaO3,0,3.4525
NdLuSe3,1.61,0.4956
NdO2,0,3.4112
Ni2Te3O8,3.84,3.0277
NiO,4,2.3009
NiP2,0.3,0.3713
NiS2,0.64,0.2404
NiS2,0.64,0.5279
P2H12N7Cl,0,0.9559
P2H12N7Cl,0,4.712
P2O5,0,0.2201
P2O5,0,0.0701
P2O5,0,0.007
P2O5,0,0.3066
P2O5,0,1.7562
P2O5,0,0.0172
P2O5,0,4.8374
P2O5,0,5.2021
P2O5,0,5.5409
P2O5,0,4.9527
P2O5,0,1.1173
P2Se5,2.2,1.3562
Pb2O3,1.67,0.9242
Pb2O3,1.67,1.0749
Pb2O3,1.67,1.0718
Pb2O3,1.67,0.1353
Pb3O4,2.12,1.1604
Pb3O4,2.12,1.133
Pb3O4,2.12,0.9926
PbBr2,3.31,2.6579
PbBr2,3.31,3.0272
PbBr2,3.31,2.5746
PbCl2,3.82,2.9382
PbCl2,3.82,3.7939
PbCl2,3.82,3.0505
PbCl2,3.82,3.1026
PbI2,2.36,2.282
PbI2,2.36,2.4224
PbI2,2.36,2.3703
PbI2,2.36,2.3735
PbI2,2.36,2.3872
PbI2,2.36,2.3538
PbI2,2.36,2.4016
PbI2,2.36,2.4455
PbI2,2.36,2.3829
PbI2,2.36,2.408
PbI2,2.36,2.1419
PbI2,2.36,2.3943
PbI2,2.36,2.4009
PbI2,2.36,2.3308
PbI2,2.36,2.3541
PbN6,3.02,2.5132
PbN6,3.02,2.5064
PbO2,1.45,0.6955
PbO2,1.45,0.0353
PbS,0.41,0.5949
PbS,0.41,0.0119
PbS,0.41,1.304
PbS,0.41,0.5555
PbS,0.41,1.2177
PbS,0.41,0.748
PbS,0.41,1.1332
PbS,0.41,0.9605
PbS,0.41,0.491
PbS,0.41,1.2238
PbS,0.41,0.6609
PbS,0.41,1.6958
PbS,0.41,0.4667
PbS,0.41,1.6745
PbS,0.41,2.0962
PbS,0.41,1.6721
PbS,0.41,1.7194
PbS,0.41,1.654
PbSe,0.165,0.8576
PbSe,0.165,1.0663
PbSe,0.165,1.2995
PbSe,0.165,0.4257
PbSe,0.165,1.286
PbSeO4,4.3,3.1923
PdS2,0.75,0.421
PdSe2,0.4,1.3767
PdSe2,0.4,0.4001
Pr2S3,2.68,0.7775
Pr2S3,2.68,1.9475
Pr2Se3,1.8,1.4751
Pr2Te3,1.3,0.9259
Pr2Te4O11,3.65,3.3043
PrBN2,4,2.1062
PrF3,5.9,5.456
PrF3,5.9,5.4564
PrF3,5.9,7.5968
PrLuSe3,1.56,0.4935
PSe,2.5,2.2667
PtS,0.8,0.1882
PtS,0.8,0.3848
PtS2,0.75,1.5467
PtSe2,0.1,0.6193
Rb2AgPS4,2.6,2.2636
Rb2BaNb2Se11,1.53,1.5628
Rb2Cd3S4,2.92,1.8924
Rb2Cd3Se4,2.37,1.5237
Rb2Cd3Te4,2.3,1.4415
Rb2CrF6,0,1.8781
Rb2Cu2Sb2S5,1.6,1.1696
Rb2Cu2SnS4,2.08,0.9013
Rb2FeI4,0,0.0139
Rb2GeB4O9,5.54,4.2812
Rb2Mo3Se3O16,3.1,2.6974
Rb2Te,4.5,1.7021
Rb2Te,4.5,1.3725
Rb2Te,4.5,1.8766
Rb2Te,4.5,1.3739
Rb2TeBr6,2.14,2.0509
Rb2TeBr6,2.14,2.101
Rb2TeI6,1.4,1.6225
Rb3Bi2Br9,2.62,2.818
Rb3Bi2I9,2.1,2.3462
Rb3Bi2I9,2.1,2.3243
Rb3Bi2I9,2.1,2.2016
Rb3Bi2I9,2.1,2.4754
Rb3Nb2AsSe11,1.5,1.1812
Rb3Sb,1,0.0878
Rb3Sb,1,0.4313
Rb3Sb2Br9,2.48,2.149
Rb3Sb2Br9,2.48,1.9051
Rb3Sb2I9,1.94,1.8541
Rb3Sb2I9,1.94,1.9237
Rb3Ta2AsS11,2.21,1.8938
Rb4Ge3B6O17,5.42,3.8556
Rb4Ti3S14,1.59,1.2429
Rb5Tl3O,0,0.0194
RbAg2SbS4,2.3,0.6178
RbBi3Se5,0.48,0.984
RbBi3Se5,0.48,0.5703
RbBiS2,1.2,1.339
RbBr,7.65,4.192
RbBr,7.65,3.9211
RbCl,8.5,4.8388
RbCl,8.5,4.7794
RbF,10.4,5.5244
RbF,10.4,5.905
RbF3,0,2.173
RbF3,0,2.1173
RbF3,0,1.0261
RbGaSnSe4,1.88,1.3781
RbGeB3O7,5.58,4.5867
RbHgSbTe3,0.2,0.5502
RbI,6.26,3.7765
RbI,6.26,3.3463
RbInS2,3.3,2.4133
RbInTe3O8,3.9,3.0269
RbMoPO6,2.96,2.8368
RbNb4Br11,0.46,0.3233
RbPSe6,2.18,1.8729
RbSbS2,2.1,1.9493
RbSbSe2,1.62,1.5375
RbTbSe2,2.5,1.9336
ReS2,1,1.3202
ReSe2,1.15,1.1434
Rh2S3,0.8,0.1918
Rh2S3,0.8,0.4203
RuS2,1.8,0.6684
RuSe2,1,0.3138
Sb2O3,3.31,1.3143
Sb2O3,3.31,2.3373
Sb2O3,3.31,2.5073
Sb2O3,3.31,3.3408
Sb2O3,3.31,2.2239
Sb2O3,3.31,1.4789
Sb2S3,1.7,1.2751
Sb2S3,1.7,1.2866
Sb2Se3,1.2,0.4903
Sb2Se3,1.2,0.7564
Sb2Se3,1.2,0.4902
Sb2Te3,0.19,0.1314
Sb2XeF14,0,1.9814
Sb4Pb4S11,0,0.0534
SbI3,2.5,2.1446
SbI3,2.5,2.2057
SbSBr,2.22,1.7634
SbSBr,2.22,1.7767
SbSeBr,1.87,1.4378
SbSeI,1.66,1.3811
SbSI,1.97,1.6628
SbSI,1.97,0.7998
SbSI,1.97,1.6276
SbSI,1.97,1.5064
SbTeI,1.28,0.8429
Sc2O3,6.2,3.3909
Sc2O3,6.2,3.8235
Sc2O3,6.2,3.4806
Sc2O3,6.2,4.053
Sc2O3,6.2,4.1276
Sc2O3,6.2,4.2135
Sc2S3,2,1.3929
Sc2S3,2,1.035
Sc2S3,2,0.928
ScCoO3,0,0.786
ScCoO3,0,0.8962
ScCrO4,0,0.2657
ScNiSb,0.11,0.2679
Si2Ru,0,0.407
Si2SbO6,0,0.2005
Si3N4,5.1,4.0267
Si3N4,5.1,0.9071
Si3N4,5.1,0.9525
Si3N4,5.1,0.6302
Si3N4,5.1,1.4928
Si3N4,5.1,0.6779
Si3N4,5.1,1.9941
Si3N4,5.1,0.1819
Si3N4,5.1,3.3333
Si3N4,5.1,4.6547
Si3N4,5.1,1.8186
Si3N4,5.1,2.3538
Si3N4,5.1,2.5275
Si3N4,5.1,3.9076
Si3N4,5.1,4.2503
SiAs,1.57,1.4519
SiAs2,0.88,0.8891
SiB3,2,1.408
SiP,2,1.7395
SiP2,1.89,1.4262
SiSe2,1.74,1.8981
SiSe2,1.74,2.4771
SiSe2,1.74,1.9377
SiSe2,1.74,2.167
SiSe2,1.74,1.8488
SiSn,0.59,0.4292
Sm2Mo2O7,0,0.2388
Sm2Mo2O7,0,0.2838
Sm2O3,5,3.9371
Sm2O3,5,1.7192
Sm2O3,5,3.7443
Sm2O3,5,3.7823
Sm2S3,2.96,0.7441
Sm2S3,2.96,1.8076
Sm2Se3,2.3,0.3737
Sm2Se3,2.3,1.5046
Sm2Te3,0.7,0.5334
Sm2Te3,0.7,0.963
Sm2ZrSe5,1.41,0.8425
Sm4GaSbS9,2.23,1.9466
Sm4InSbS9,2.13,2.1754
SmBiW2O9,3.39,2.6689
SmCoC2,0,0.0029
SmCuO3,0,0.1218
Sn2SbS2I3,1.5,1.0658
Sn2SbS2I3,1.5,0.6252
Sn2WO5,2.597,2.4217
Sn3WO6,2.49,2.1615
SnBr2,3.5,2.4179
SnBr2,3.5,2.5387
SnBr2,3.5,1.656
SnCl2,3.9,3.1002
SnCl2,3.9,3.0724
SnGe,0.4,0.2087
SnGeS3,2.23,1.6591
SnI2,2.4,1.7061
SnI2,2.4,1.1996
SnI4,2.38,2.0581
SnI4,2.38,1.5183
SnO,4.3,1.6427
SnO,4.3,0.5341
SnO,4.3,0.4361
SnO,4.3,0.4815
SnO,4.3,0.5174
SnO,4.3,0.4096
SnO,4.3,1.3433
SnO,4.3,0.5191
SnO2,3.597,0.6344
SnO2,3.597,2.0888
SnO2,3.597,1.6013
SnO2,3.597,0.4052
SnO2,3.597,0.5226
SnO2,3.597,0.3161
SnO2,3.597,0.6713
SnO2,3.597,0.6303
SnO2,3.597,0.3577
SnO2,3.597,1.0304
SnO2,3.597,0.6969
SnO2,3.597,0.9607
SnO2,3.597,0.7578
SnO2,3.597,1.2294
SnO2,3.597,1.8017
SnO2,3.597,1.9299
SnO2,3.597,0.7917
SnO2,3.597,1.8468
SnO2,3.597,0.8061
SnO2,3.597,0.8471
SnO2,3.597,1.1744
SnO2,3.597,0.4381
SnO2,3.597,0.5858
SnO2,3.597,1.3076
SnO2,3.597,0.6519
SnS,1.42,0.1654
SnS,1.42,1.1323
SnS,1.42,0.0894
SnS,1.42,0.9048
SnS,1.42,1.668
SnS,1.42,0.3113
SnS,1.42,1.4274
SnS,1.42,1.456
SnS2,2.43,1.8354
SnS2,2.43,1.2026
SnS2,2.43,1.5148
SnS2,2.43,1.4857
SnSe,1.2,0.2391
SnSe,1.2,0.7043
SnSe,1.2,0.1189
SnSe,1.2,0.4429
SnSe,1.2,0.5159
SnSe,1.2,0.8559
SnSe2,1.62,0.7018
SnTe,0.3,0.0774
SnTe,0.3,0.0419
Sr2Be2B2O7,8,4.0798
Sr2GeN2,0,0.0529
Sr2ScSbO6,3.57,3.5074
Sr2TiO4,3.41,1.9142
Sr2V3Se5O18,2.47,2.5649
Sr3Ti2O7,3.26,1.8405
Sr5V3O12F,4.5,4
SrCrO4,2.45,2.2329
SrCrO4,2.45,1.6033
SrCrO4,2.45,2.8576
SrCrO4,2.45,2.8898
SrLaMn2O6,0,0.4303
SrNi2(PO4)2,0,3.7853
SrO,5.77,2.7426
SrO,5.77,3.2748
SrO,5.77,2.9393
SrO,5.77,2.5643
SrPbO3,1.78,0.7941
SrS,4.8,1.7896
SrS,4.8,2.497
SrSe,4.42,2.2313
SrSeO4,4.75,3.5358
SrSnO3,4.1,1.6118
SrSnO3,4.1,1.555
SrSnO3,4.1,1.7365
SrSnO3,4.1,0.9698
SrTe,3.73,0.4699
SrTe,3.73,1.7616
SrTiO3,3.15,1.8488
SrTiO3,3.15,1.772
SrTiO3,3.15,1.787
SrTiO3,3.15,1.7362
SrZrS3,0.8,1.1777
SrZrS3,0.8,0.5512
Ta2O5,4.2,1.2267
Ta2O5,4.2,3.9033
Ta2O5,4.2,2.0252
Ta2O5,4.2,3.3027
Ta2O5,4.2,1.6696
Ta2O5,4.2,2.5913
Ta2O5,4.2,1.3282
Ta2O5,4.2,2.1579
Ta2O5,4.2,2.341
Ta2O5,4.2,2.5694
Ta2O5,4.2,2.9624
Ta2O5,4.2,3.1459
Ta2O5,4.2,2.378
Ta2O5,4.2,2.7839
Ta2O5,4.2,2.3196
Ta2O5,4.2,3.1608
Ta2O5,4.2,3.4716
Ta2O5,4.2,0.2637
Ta2O5,4.2,2.4734
Ta2O5,4.2,3.2123
Ta2O5,4.2,3.0762
Ta2O5,4.2,3.0732
TaN,2.3,0.03
TaN,2.3,0.0439
TaN,2.3,0.0365
TaN,2.3,0.0034
Tb2O3,3,3.9006
Tb2O3,3,1.5609
Tb2O3,3,4.1338
Tb2O3,3,3.9407
Tb4Al2O9,4.59,4.0883
Tb4GaSbS9,2.44,2.0116
Tb6PbSe10,0,0.6601
Tb6PbSe10,0,1.7115
TcB,0,1.376
TcS2,1,1.1885
Te2Mo(WS2)3,0,0.046
Te2Mo2WSe4,0,0.0167
Te2Mo2WSe4,0,0.0183
Te2Mo2WSe4,0,0.0057
Te2W2SeS,0,0.0043
Te2W2SeS,0,0.0034
Te2W2SeS,0,0.0135
Te2W2SeS,0,0.0281
Te3MoWS,0,0.0068
Te3MoWS,0,0.002
Te3MoWS,0,0.0615
Te3MoWS,0,0.013
Te3MoWS,0,0.0261
Te3MoWS,0,0.0261
Te3MoWS,0,0.0147
Te3MoWS,0,0.006
Te3MoWS,0,0.0164
TeI,1.1,0.7793
TeI,1.1,0.7871
TeI4,1.1,0.1278
TeI4,1.1,1.8804
TeI4,1.1,1.5019
TeI4,1.1,1.8563
TeI4,1.1,1.7649
TeMoSe,0,0.4673
TeMoSe,0,0.6408
TeMoSe,0,0.6183
TeMoSe,0,0.0436
TeMoSe,0,0.639
TeMoSe,0,0.7892
TeO2,3,1.2889
TeO2,3,2.3309
TeO2,3,2.2841
TeO2,3,2.5821
TeO2,3,2.2279
TeO2,3,2.8044
TeO2,3,2.8044
TeO2,3,2.978
TeO2,3,3.0604
Th2Se5,0.37,0.5162
ThO2,3.5,3.5202
ThO2,3.5,4.4187
TiCoSb,0.95,1.0432
TiHgO3,0,1.0936
TiO2,3.3,1.0565
TiO2,3.3,1.82
TiO2,3.3,1.7851
TiO2,3.3,0.888
TiO2,3.3,1.9968
TiO2,3.3,1.7551
TiO2,3.3,1.1496
TiO2,3.3,2.0744
TiO2,3.3,2.4439
TiO2,3.3,2.6007
TiO2,3.3,2.4383
TiO2,3.3,2.3002
TiO2,3.3,2.4087
TiO2,3.3,2.5137
TiO2,3.3,1.0603
TiO2,3.3,1.7183
TiO2,3.3,2.5135
TiO2,3.3,2.5028
TiO2,3.3,2.4461
TiO2,3.3,2.6004
TiO2,3.3,2.5281
TiO2,3.3,2.2862
TiO2,3.3,2.8899
TiO2,3.3,1.712
TiO2,3.3,2.4516
TiO2,3.3,1.781
TiO2,3.3,2.71
TiO2,3.3,2.9417
TiO2,3.3,1.9546
TiO2,3.3,2.0586
TiO2,3.3,2.2317
TiO2,3.3,3.421
TiO2,3.3,2.6774
TiO2,3.3,1.6966
TiO2,3.3,2.7867
TiO2,3.3,2.8326
TiO2,3.3,2.9809
TiO2,3.3,2.2869
TiO2,3.3,2.3165
TiO2,3.3,2.4804
TiO2,3.3,2.231
TiO2,3.3,2.1536
TiO2,3.3,3.3487
TiO2,3.3,2.7863
TiO2,3.3,2.4757
TiPO4,0,0.0357
TiPO4,0,0.0582
TiS2,1.95,1.6382
TiS2,1.95,0.0511
TiS2,1.95,0.2055
TiS2,1.95,0.7773
TiS3,0.9,0.2261
Tl2BiP2S7,1.8,2.1415
Tl2CdTe4,0,0.0789
Tl2Cu2SnS4,1.4,0.2195
Tl2GeTe3,0.37,0.4685
Tl2Hg3S4,2.05,1.5797
Tl2Hg3Se4,1.57,1.0357
Tl2Hg3Te4,0.9,0.9897
Tl2Mo7O22,0,2.7925
Tl2O3,2.25,0.1854
Tl2S,1,0.958
Tl2S,1,1.1322
Tl2S,1,0.7668
Tl2S,1,0.8912
Tl2Te3,0.69,0.6389
Tl2Te3,0.69,0.6477
Tl2TeBr6,2.06,2.1632
Tl2TeI6,1.47,1.6844
Tl2TeS3,1.6,1.2603
Tl3AsSe3,1.3,0.8814
Tl3VS4,1.97,1.9554
Tl4CdI6,2.8,2.1721
Tl4CuTeO6,2.2,0.4698
Tl9SbSe6,0,0.8139
TlAsS2,2.22,1.8124
TlAsSe2,1.4,1.2565
TlBiTe2,0.12,0.4684
TlBr,2.6444,1.9877
TlBr,2.6444,2.2962
TlBr,2.6444,2.1678
TlCl,3.56,2.1732
TlCl,3.56,2.5369
TlCl,3.56,2.5181
TlCr5S8,1.01,0.1495
TlCuCl3,2.98,0.4143
TlGaS2,3.4,1.7885
TlGaSe2,1.65,1.3544
TlGaSe2,1.65,1.6737
TlGaSe2,1.65,0.561
TlGaTe2,1.8,0.5556
TlHg6S4Br5,3.03,2.1407
TlHg6Se4Br5,2.8,1.989
TlInS2,2.3,0.9477
TlInS2,2.3,0.4748
TlInS2,2.3,0.6884
TlInS2,2.3,0.8613
TlInS2,2.3,1.2909
TlInSe2,1.44,0.7351
TlInTe2,0.62,0.5401
TlN3,3.58,1.7584
TlS,1.37,0.474
TlS,1.37,1.0387
TlSbS2,1.92,0.9
TlSbS2,1.92,1.6594
TlSbS2,1.92,1.2674
TlSbSe2,0.82,0.0747
TlSbSe2,0.82,0.8323
TlSe,0.56,0.198
Tm2O3,4.53,4.1535
Tm2O3,4.53,3.6932
Tm2O3,4.53,4.1691
TmMnO3,0,2.0076
U2Zn17,0,0.0277
UNiSn,0,0.0129
V2O5,2.32,0.7574
V2O5,2.32,0.5422
V2O5,2.32,0.4765
V2O5,2.32,0.8101
V2O5,2.32,0.9453
V2O5,2.32,0.5285
V2O5,2.32,0.1626
V2O5,2.32,0.8882
V2O5,2.32,0.1205
V2O5,2.32,0.5233
V2O5,2.32,0.9218
V2O5,2.32,0.0334
V2O5,2.32,0.6144
V2O5,2.32,0.7052
V2O5,2.32,0.7883
V2O5,2.32,0.7725
V2O5,2.32,0.6666
V2O5,2.32,0.7321
V2O5,2.32,0.4667
V2O5,2.32,0.7825
V2O5,2.32,0.7675
V2O5,2.32,1.8967
V2O5,2.32,0.3371
V2O5,2.32,0.4093
V2O5,2.32,0.6525
V2O5,2.32,1.8996
V2O5,2.32,0.5126
V2O5,2.32,1.5838
V2O5,2.32,0.9142
V2O5,2.32,0.7431
V2O5,2.32,0.2495
V2O5,2.32,0.4488
V2O5,2.32,0.9261
V2O5,2.32,0.3435
V2O5,2.32,0.95
V2O5,2.32,0.9928
V2O5,2.32,0.8613
V2O5,2.32,1.0438
V2O5,2.32,0.8909
V2O5,2.32,1.1409
V2O5,2.32,1.0739
V2O5,2.32,1.4071
V2O5,2.32,1.6727
V2O5,2.32,2.4212
V2O5,2.32,2.161
V2O5,2.32,2.412
V2O5,2.32,2.3402
V2O5,2.32,1.7022
V2O5,2.32,1.396
V2O5,2.32,1.439
V2O5,2.32,1.3794
V2O5,2.32,2.4605
V2O5,2.32,2.7542
V2O5,2.32,2.4105
V2O5,2.32,2.5584
V2O5,2.32,2.1703
V2O5,2.32,1.8736
V2O5,2.32,2.3291
V2Si2O7,0,1.8045
V2Si2O7,0,1.8367
V2ZnO4,0,1.0635
V2ZnO4,0,1.3106
V2ZnO4,0,1.2544
V2ZnO4,0,1.3607
V3As2O9,0.76,2.6361
V3As2O9,0.76,1.2701
V3CuO8,0,0.8437
V6AgO15,0,1.1569
V6PbO11,0,0.7281
V6PbO11,0,0.0061
VFeSb,0.46,0.3487
VO,0.3,0.8225
VO,0.3,1.9785
VO,0.3,0.9701
VO,0.3,0.7832
VO2,0.12,0.9877
VO2,0.12,0.9781
VO2,0.12,0.8861
VO2,0.12,0.648
VO2,0.12,1.2334
VO2,0.12,0.8943
VO2,0.12,0.5321
VO2,0.12,0.6793
VO2,0.12,0.7643
VO2,0.12,0.9501
VO2,0.12,1.088
VO2,0.12,1.0658
VO2,0.12,1.4885
VO2,0.12,0.8258
VO2,0.12,1.4479
VO2,0.12,1.058
VO2,0.12,0.8572
VO2,0.12,1.3725
VO2,0.12,1.4037
VO2,0.12,1.246
VO2,0.12,1.1373
VO2,0.12,0.842
VO2,0.12,0.6627
VO2,0.12,0.8791
VO2,0.12,0.0704
VO2,0.12,1.0737
VO2,0.12,1.1092
VO2,0.12,0.1422
VO2,0.12,0.3928
VO2,0.12,0.1158
VO2,0.12,0.9445
VO2,0.12,0.7661
VO2,0.12,0.7584
VO2,0.12,1.2536
VO2,0.12,0.3536
VO2,0.12,1.2022
VO2,0.12,1.2589
VO2,0.12,1.0677
VO2,0.12,0.7988
VO2,0.12,1.0155
VO2,0.12,0.2551
VO2,0.12,1.3787
VO2,0.12,0.5491
VPO4,0,1.5976
VPO4,0,1.8347
VPO4,0,2.1077
WCl3,0,0.0641
WO3,2.9,1.4645
WO3,2.9,1.2648
WO3,2.9,1.6735
WO3,2.9,1.9033
WO3,2.9,1.7942
WO3,2.9,2.0754
WO3,2.9,1.9695
WO3,2.9,0.3416
WO3,2.9,1.4637
WO3,2.9,1.3952
WO3,2.9,1.3319
WO3,2.9,1.4239
WO3,2.9,1.3231
WO3,2.9,1.1124
WO3,2.9,1.1503
WO3,2.9,1.3106
WO3,2.9,1.2139
WO3,2.9,1.2708
WO3,2.9,1.3585
WO3,2.9,1.2582
WO3,2.9,2.6601
WO3,2.9,1.4463
WO3,2.9,1.4934
WO3,2.9,1.2087
WO3,2.9,1.3233
WO3,2.9,1.1401
WO3,2.9,1.2556
WO3,2.9,1.2542
WO3,2.9,1.3108
WO3,2.9,1.3708
WO3,2.9,1.9055
WO3,2.9,1.2719
WO3,2.9,2.4793
WO3,2.9,1.488
WO3,2.9,1.1298
WO3,2.9,1.653
WO3,2.9,1.3986
WO3,2.9,1.6296
WO3,2.9,1.3702
WSe2,1.35,1.5241
WSe2,1.35,1.5378
WSe2,1.35,1.2289
WSe2,1.35,1.5189
WSe2,1.35,1.4465
Y2Ge2O7,0,3.7799
Y2Ge2O7,0,3.7431
Y2Ge2O7,0,3.1753
Y2Ge2O7,0,3.8961
Y2Mo2O7,0,1.6484
Y2O3,5.6,3.0358
Y2O3,5.6,1.5869
Y2O3,5.6,2.9084
Y2O3,5.6,3.0469
Y2O3,5.6,2.8211
Y2O3,5.6,2.9366
Y2O3,5.6,4.0836
Y2O3,5.6,4.0973
Y2O3,5.6,3.9557
Y2O3,5.6,4.4468
Y2O3,5.6,4.5568
Y2O3,5.6,3.7011
Y2O3,5.6,2.8014
Y2S3,2.9,0.6665
Y2S3,2.9,1.9019
Y2S3,2.9,1.5992
Y3Al5O12,6.5,4.5762
Y3GaS6,2.88,2.0555
Y4C7,0,0.585
YAgO3,0,0.0072
YbBO3,0,4.9925
YbBO3,0,5.1482
YbS,0.98,2.2246
YbSe,1.5,2.2566
YbTe,1.8,1.4678
YCoO3,0,0.349
YCoO3,0,0.1141
YCoO3,0,0.0073
YCoO3,0,0.833
YN,1.9,0.2059
YN,1.9,2.0687
YN,1.9,0.151
YN,1.9,0.7005
YN,1.9,0.0076
YNiSb,0.18,0.2945
YWO3,0,2.2587
Zn2MoSeO7,4.2,3.7131
Zn3As2,1.1,0.1385
Zn3As2,1.1,0.1464
Zn3As2,1.1,0.1793
Zn3As2,1.1,0.248
Zn3N2,0,0.0032
Zn3P2,1.15,0.3729
Zn3P2,1.15,0.3144
Zn6S5Cl2,2.71,1.5051
ZnAs,0.9,0.2953
ZnAs2,0.91,0.2241
ZnCrO2,0,0.0954
ZnCrO2,0,0.117
ZnGeAs2,1.1,0.0012
ZnGeN2,3.2,1.5235
ZnGeN2,3.2,1.6955
ZnGeP2,2.34,0.1435
ZnGeP2,2.34,1.1782
ZnI2,4.53,2.9118
ZnI2,4.53,1.8004
ZnO,3.436,0.4516
ZnO,3.436,0.7376
ZnO,3.436,1.2763
ZnO,3.436,1.2176
ZnO,3.436,1.2421
ZnO,3.436,0.93
ZnO,3.436,0.6309
ZnO,3.436,0.7227
ZnO,3.436,0.7219
ZnO,3.436,0.8378
ZnO,3.436,0.5426
ZnS,3.69,2.0471
ZnS,3.69,2.0192
ZnS,3.69,1.9864
ZnS,3.69,1.9919
ZnS,3.69,2.0023
ZnS,3.69,1.9999
ZnS,3.69,1.9881
ZnS,3.69,2.0046
ZnS,3.69,1.9874
ZnS,3.69,2.0011
ZnS,3.69,1.993
ZnS,3.69,1.9925
ZnS,3.69,0.9376
ZnS,3.69,1.0285
ZnS,3.69,0.6826
ZnS,3.69,1.2177
ZnS,3.69,0.1129
ZnS,3.69,0.9256
ZnS,3.69,0.8321
ZnS,3.69,1.4016
ZnS,3.69,1.4278
ZnS,3.69,0.9545
ZnS,3.69,0.8065
ZnS,3.69,1.2473
ZnS,3.69,1.2791
ZnS,3.69,0.8749
ZnS,3.69,0.9214
ZnS,3.69,1.2026
ZnS,3.69,0.8571
ZnS,3.69,1.3621
ZnS,3.69,0.8792
ZnS,3.69,0.3423
ZnS,3.69,1.0069
ZnS,3.69,1.2737
ZnS,3.69,1.0437
ZnS,3.69,0.9118
ZnS,3.69,1.2387
ZnS,3.69,0.8638
ZnS,3.69,1.2533
ZnS,3.69,0.882
ZnS,3.69,0.8508
ZnS,3.69,0.8635
ZnS,3.69,1.0574
ZnS,3.69,0.476
ZnS,3.69,0.8346
ZnS,3.69,1.2996
ZnS,3.69,1.0438
ZnS,3.69,0.7932
ZnS,3.69,1.1832
ZnS,3.69,0.8234
ZnS,3.69,1.1442
ZnS,3.69,0.585
ZnS,3.69,0.6392
ZnS,3.69,1.1706
ZnS,3.69,1.4226
ZnS,3.69,2.0416
ZnS,3.69,2.0462
ZnS,3.69,2.0396
ZnS,3.69,2.0298
ZnS,3.69,2.0251
ZnS,3.69,2.0279
ZnS,3.69,2.0169
ZnS,3.69,1.9769
ZnS,3.69,2.0715
ZnS,3.69,2.0191
ZnS,3.69,2.015
ZnS,3.69,1.9824
ZnS,3.69,2.0164
ZnS,3.69,2.034
ZnS,3.69,2.0195
ZnS,3.69,2.0216
ZnS,3.69,2.0385
ZnS,3.69,2.018
ZnS,3.69,2.0291
ZnS,3.69,2.0197
ZnS,3.69,2.0188
ZnS,3.69,2.0233
ZnS,3.69,1.596
ZnS,3.69,2.0347
ZnS,3.69,2.0305
ZnS,3.69,2.0142
ZnS,3.69,2.064
ZnS,3.69,2.025
ZnS,3.69,2.03
ZnS,3.69,2.0252
ZnS,3.69,2.036
ZnS,3.69,2.0194
ZnS,3.69,1.8581
ZnS,3.69,2.0639
ZnS,3.69,2.0281
ZnS,3.69,2.0195
ZnS,3.69,1.9917
ZnS,3.69,2.0194
ZnS,3.69,2.0254
ZnS,3.69,2.0389
ZnS,3.69,2.0108
ZnS,3.69,2.0263
ZnS,3.69,2.0223
ZnS,3.69,1.4296
ZnS,3.69,2.0276
ZnS,3.69,2.0238
ZnS,3.69,2.0282
ZnS,3.69,2.0369
ZnS,3.69,1.9563
ZnS,3.69,2.0158
ZnS,3.69,2.0329
ZnS,3.69,2.0163
ZnS,3.69,2.0892
ZnS,3.69,1.2133
ZnS,3.69,2.0239
ZnS,3.69,2.0399
ZnS,3.69,1.992
ZnS,3.69,2.0421
ZnS,3.69,2.0323
ZnS,3.69,2.0305
ZnS,3.69,2.0302
ZnS,3.69,2.023
ZnS,3.69,1.6895
ZnS,3.69,2.0301
ZnS,3.69,2.0574
ZnS,3.69,2.0272
ZnS,3.69,2.0245
ZnS,3.69,2.0258
ZnS,3.69,2.0182
ZnS,3.69,2.0701
ZnS,3.69,2.0215
ZnS,3.69,2.0338
ZnS,3.69,2.0271
ZnS,3.69,2.0288
ZnS,3.69,2.0218
ZnS,3.69,2.0381
ZnS,3.69,1.8885
ZnS,3.69,2.0264
ZnS,3.69,2.0184
ZnS,3.69,2.0243
ZnS,3.69,2.0265
ZnS,3.69,2.0385
ZnS,3.69,1.9845
ZnS,3.69,1.9806
ZnS,3.69,1.9988
ZnS,3.69,2.0155
ZnS,3.69,2.0198
ZnS,3.69,2.0368
ZnSb,1.11,0.0282
ZnSe,2.794,1.1663
ZnSe,2.794,1.2004
ZnSe,2.794,1.9671
ZnSiAs2,2.12,0.8866
ZnSiP2,2.07,1.3641
ZnSnO3,3.9,1.081
ZnSnO3,3.9,1.1054
ZnSnO3,3.9,1.3215
ZnSnP2,2.1,0.4822
ZnSnP2,2.1,0.7043
ZnTe,2.176,0.2949
ZnTe,2.176,1.0733
ZnTe,2.176,1.069
ZnTe,2.176,1.1003
ZnTe,2.176,0.3206
ZrC,0.6,0.4781
ZrNiSn,0,0.4954
ZrO2,4.99,3.5794
ZrO2,4.99,2.9114
ZrO2,4.99,3.125
ZrO2,4.99,3.8514
ZrO2,4.99,3.5322
ZrO2,4.99,3.6907
ZrO2,4.99,3.4482
ZrO2,4.99,3.4022
ZrO2,4.99,3.9596
ZrO2,4.99,3.2139
ZrO2,4.99,4.1946
ZrO2,4.99,3.4318
ZrO2,4.99,3.4197
ZrO2,4.99,3.825
ZrO2,4.99,3.6766
ZrO2,4.99,3.6171
ZrO2,4.99,3.54
ZrO2,4.99,3.7155
ZrO2,4.99,2.8574
ZrS2,2.75,1.0418
ZrS3,2.17,1.1133
ZrSe2,2,0.3296
ZrSe3,1.5,0.3979
